"Asset:";"Potosí";"Potosí"
"Element:";"PS20.WS01";"PS20.WS01"
"Date/Signal";"Irr POA Pyr 5M (W/m2)";"Irr GHI Pyr 5M (W/m2)"
"01/08/2023 00:05:00";"0";"0"
"01/08/2023 00:10:00";"0";"0"
"01/08/2023 00:15:00";"0";"0"
"01/08/2023 00:20:00";"0";"0"
"01/08/2023 00:25:00";"0";"0"
"01/08/2023 00:30:00";"0";"0"
"01/08/2023 00:35:00";"0";"0"
"01/08/2023 00:40:00";"0";"0"
"01/08/2023 00:45:00";"0";"0"
"01/08/2023 00:50:00";"0";"0"
"01/08/2023 00:55:00";"0";"0"
"01/08/2023 01:00:00";"0";"0"
"01/08/2023 01:05:00";"0";"0"
"01/08/2023 01:10:00";"0";"0"
"01/08/2023 01:15:00";"0";"0"
"01/08/2023 01:20:00";"0";"0"
"01/08/2023 01:25:00";"0";"0"
"01/08/2023 01:30:00";"0";"0"
"01/08/2023 01:35:00";"0";"0"
"01/08/2023 01:40:00";"0";"0"
"01/08/2023 01:45:00";"0";"0"
"01/08/2023 01:50:00";"0";"0"
"01/08/2023 01:55:00";"0";"0"
"01/08/2023 02:00:00";"0";"0"
"01/08/2023 02:05:00";"0";"0"
"01/08/2023 02:10:00";"0";"0"
"01/08/2023 02:15:00";"0";"0"
"01/08/2023 02:20:00";"0";"0"
"01/08/2023 02:25:00";"0";"0"
"01/08/2023 02:30:00";"0";"0"
"01/08/2023 02:35:00";"0";"0"
"01/08/2023 02:40:00";"0";"0"
"01/08/2023 02:45:00";"0";"0"
"01/08/2023 02:50:00";"0";"0"
"01/08/2023 02:55:00";"0";"0"
"01/08/2023 03:00:00";"0";"0"
"01/08/2023 03:05:00";"0";"0"
"01/08/2023 03:10:00";"0";"0"
"01/08/2023 03:15:00";"0";"0"
"01/08/2023 03:20:00";"0";"0"
"01/08/2023 03:25:00";"0";"0"
"01/08/2023 03:30:00";"0";"0"
"01/08/2023 03:35:00";"0";"0"
"01/08/2023 03:40:00";"0";"0"
"01/08/2023 03:45:00";"0";"0"
"01/08/2023 03:50:00";"0";"0"
"01/08/2023 03:55:00";"0";"0"
"01/08/2023 04:00:00";"0";"0"
"01/08/2023 04:05:00";"0";"0"
"01/08/2023 04:10:00";"0";"0"
"01/08/2023 04:15:00";"0";"0"
"01/08/2023 04:20:00";"0";"0"
"01/08/2023 04:25:00";"0";"0"
"01/08/2023 04:30:00";"0";"0"
"01/08/2023 04:35:00";"0";"0"
"01/08/2023 04:40:00";"0";"0"
"01/08/2023 04:45:00";"0";"0"
"01/08/2023 04:50:00";"0";"0"
"01/08/2023 04:55:00";"0";"0"
"01/08/2023 05:00:00";"0";"0"
"01/08/2023 05:05:00";"0";"0"
"01/08/2023 05:10:00";"0";"0"
"01/08/2023 05:15:00";"0";"0"
"01/08/2023 05:20:00";"0";"0"
"01/08/2023 05:25:00";"0";"0"
"01/08/2023 05:30:00";"0";"0"
"01/08/2023 05:35:00";"0";"0"
"01/08/2023 05:40:00";"0";"0"
"01/08/2023 05:45:00";"0";"0"
"01/08/2023 05:50:00";"0";"0"
"01/08/2023 05:55:00";"0";"0"
"01/08/2023 06:00:00";"0";"0"
"01/08/2023 06:05:00";"0";"0"
"01/08/2023 06:10:00";"0.344";"0.132"
"01/08/2023 06:15:00";"1.641";"1.775"
"01/08/2023 06:20:00";"2.255";"2.309"
"01/08/2023 06:25:00";"4.437";"4.54"
"01/08/2023 06:30:00";"7.932";"8.711"
"01/08/2023 06:35:00";"13.762";"14.107"
"01/08/2023 06:40:00";"27.806";"25.289"
"01/08/2023 06:45:00";"45.279";"35.672"
"01/08/2023 06:50:00";"44.435";"36.777"
"01/08/2023 06:55:00";"83.59";"58.421"
"01/08/2023 07:00:00";"162.35";"99.879"
"01/08/2023 07:05:00";"192.591";"110.35"
"01/08/2023 07:10:00";"216.786";"124.425"
"01/08/2023 07:15:00";"267.774";"147.036"
"01/08/2023 07:20:00";"295.947";"160.577"
"01/08/2023 07:25:00";"358.699";"190.57"
"01/08/2023 07:30:00";"402.388";"212.135"
"01/08/2023 07:35:00";"434.397";"229.148"
"01/08/2023 07:40:00";"510.716";"265.928"
"01/08/2023 07:45:00";"573.034";"297.988"
"01/08/2023 07:50:00";"626.415";"326.031"
"01/08/2023 07:55:00";"688";"352.692"
"01/08/2023 08:00:00";"744.486";"383.606"
"01/08/2023 08:05:00";"811.992";"420.266"
"01/08/2023 08:10:00";"757.162";"402.714"
"01/08/2023 08:15:00";"549.598";"319.756"
"01/08/2023 08:20:00";"592.166";"344.103"
"01/08/2023 08:25:00";"631.272";"369.773"
"01/08/2023 08:30:00";"765.195";"440.714"
"01/08/2023 08:35:00";"895.758";"511.167"
"01/08/2023 08:40:00";"679.927";"416.436"
"01/08/2023 08:45:00";"720.948";"450.047"
"01/08/2023 08:50:00";"795.385";"497.57"
"01/08/2023 08:55:00";"707.662";"462.749"
"01/08/2023 09:00:00";"660.546";"451.593"
"01/08/2023 09:05:00";"573.494";"417.131"
"01/08/2023 09:10:00";"772.198";"546.319"
"01/08/2023 09:15:00";"972.456";"680.425"
"01/08/2023 09:20:00";"701.687";"523.629"
"01/08/2023 09:25:00";"613.123";"474.917"
"01/08/2023 09:30:00";"710.532";"542.425"
"01/08/2023 09:35:00";"539.671";"432.319"
"01/08/2023 09:40:00";"538.231";"436.018"
"01/08/2023 09:45:00";"613.473";"490.229"
"01/08/2023 09:50:00";"621.3";"496.531"
"01/08/2023 09:55:00";"622.74";"502.566"
"01/08/2023 10:00:00";"741.032";"590.817"
"01/08/2023 10:05:00";"870.628";"692.381"
"01/08/2023 10:10:00";"882.045";"706.339"
"01/08/2023 10:15:00";"947.716";"766.053"
"01/08/2023 10:20:00";"990.129";"808.695"
"01/08/2023 10:25:00";"1016.699";"841.23"
"01/08/2023 10:30:00";"1032.354";"863.964"
"01/08/2023 10:35:00";"1015.781";"861.206"
"01/08/2023 10:40:00";"967.397";"831.784"
"01/08/2023 10:45:00";"918.242";"796.46"
"01/08/2023 10:50:00";"790.404";"691.074"
"01/08/2023 10:55:00";"839.22";"738.745"
"01/08/2023 11:00:00";"951.487";"843.724"
"01/08/2023 11:05:00";"1065";"948.559"
"01/08/2023 11:10:00";"1104.449";"997.025"
"01/08/2023 11:15:00";"1059.925";"969.171"
"01/08/2023 11:20:00";"1088.236";"1005.726"
"01/08/2023 11:25:00";"1030.42";"965.819"
"01/08/2023 11:30:00";"1009.36";"959.35"
"01/08/2023 11:35:00";"918.227";"879.371"
"01/08/2023 11:40:00";"943.488";"907.239"
"01/08/2023 11:45:00";"776.337";"750.732"
"01/08/2023 11:50:00";"683.696";"663.123"
"01/08/2023 11:55:00";"805.337";"781.358"
"01/08/2023 12:00:00";"866.727";"841.92"
"01/08/2023 12:05:00";"1003.32";"979.198"
"01/08/2023 12:10:00";"1088.622";"1066.831"
"01/08/2023 12:15:00";"1043.281";"1031.799"
"01/08/2023 12:20:00";"1066.88";"1059.001"
"01/08/2023 12:25:00";"1057.848";"1054.486"
"01/08/2023 12:30:00";"1080.505";"1082.094"
"01/08/2023 12:35:00";"1091.906";"1097.378"
"01/08/2023 12:40:00";"1095.07";"1101.33"
"01/08/2023 12:45:00";"1070.109";"1074.75"
"01/08/2023 12:50:00";"1009.727";"1017.172"
"01/08/2023 12:55:00";"941.709";"945.529"
"01/08/2023 13:00:00";"958.365";"962.175"
"01/08/2023 13:05:00";"878.526";"883.227"
"01/08/2023 13:10:00";"876.954";"874.71"
"01/08/2023 13:15:00";"1151.739";"1154.285"
"01/08/2023 13:20:00";"1166.117";"1164.006"
"01/08/2023 13:25:00";"1143.281";"1140.004"
"01/08/2023 13:30:00";"1123.57";"1120.2"
"01/08/2023 13:35:00";"1131.564";"1126.716"
"01/08/2023 13:40:00";"920.585";"918.159"
"01/08/2023 13:45:00";"830.876";"818.677"
"01/08/2023 13:50:00";"616.156";"611.252"
"01/08/2023 13:55:00";"510.406";"501.629"
"01/08/2023 14:00:00";"1089.765";"1054.373"
"01/08/2023 14:05:00";"1096.996";"1056.448"
"01/08/2023 14:10:00";"1104.254";"1057.641"
"01/08/2023 14:15:00";"1091.299";"1038.7"
"01/08/2023 14:20:00";"1066.544";"1008.173"
"01/08/2023 14:25:00";"752.653";"706.912"
"01/08/2023 14:30:00";"1136.179";"1053.392"
"01/08/2023 14:35:00";"1102.506";"1019.989"
"01/08/2023 14:40:00";"1106.648";"1024.063"
"01/08/2023 14:45:00";"1035.431";"1028.059"
"01/08/2023 14:50:00";"1011.593";"928.479"
"01/08/2023 14:55:00";"874.242";"774.895"
"01/08/2023 15:00:00";"1165.201";"1022.507"
"01/08/2023 15:05:00";"1180.161";"1031.479"
"01/08/2023 15:10:00";"1036.955";"904.159"
"01/08/2023 15:15:00";"1151.113";"986.281"
"01/08/2023 15:20:00";"1128.689";"962.89"
"01/08/2023 15:25:00";"1162.865";"984.997"
"01/08/2023 15:30:00";"1179.121";"986.445"
"01/08/2023 15:35:00";"1110.573";"906.916"
"01/08/2023 15:40:00";"523.639";"446.267"
"01/08/2023 15:45:00";"497.183";"429.309"
"01/08/2023 15:50:00";"1184.686";"949.469"
"01/08/2023 15:55:00";"548.488";"459.721"
"01/08/2023 16:00:00";"420.48";"337.13"
"01/08/2023 16:05:00";"1044.905";"776.439"
"01/08/2023 16:10:00";"1065.651";"782.568"
"01/08/2023 16:15:00";"824.083";"624.367"
"01/08/2023 16:20:00";"739.251";"563.639"
"01/08/2023 16:25:00";"203.386";"197.499"
"01/08/2023 16:30:00";"220.342";"212.99"
"01/08/2023 16:35:00";"628.576";"495.521"
"01/08/2023 16:40:00";"1063.95";"699.686"
"01/08/2023 16:45:00";"420.078";"287.138"
"01/08/2023 16:50:00";"167.796";"138.069"
"01/08/2023 16:55:00";"992.082";"604.824"
"01/08/2023 17:00:00";"996.618";"597.05"
"01/08/2023 17:05:00";"994.644";"589.55"
"01/08/2023 17:10:00";"885.91";"509.187"
"01/08/2023 17:15:00";"801.556";"453.178"
"01/08/2023 17:20:00";"275.677";"171.189"
"01/08/2023 17:25:00";"450.617";"240.267"
"01/08/2023 17:30:00";"206.396";"130.976"
"01/08/2023 17:35:00";"916.466";"444.387"
"01/08/2023 17:40:00";"885.767";"408.294"
"01/08/2023 17:45:00";"859.235";"377.411"
"01/08/2023 17:50:00";"255.596";"133.606"
"01/08/2023 17:55:00";"327.097";"167.133"
"01/08/2023 18:00:00";"284.186";"153.058"
"01/08/2023 18:05:00";"676.275";"305.952"
"01/08/2023 18:10:00";"567.811";"250.034"
"01/08/2023 18:15:00";"595.293";"245.875"
"01/08/2023 18:20:00";"506.749";"212.957"
"01/08/2023 18:25:00";"460.771";"203.187"
"01/08/2023 18:30:00";"261.212";"145.655"
"01/08/2023 18:35:00";"128.072";"103.637"
"01/08/2023 18:40:00";"117.218";"91.577"
"01/08/2023 18:45:00";"96.232";"75.601"
"01/08/2023 18:50:00";"77.644";"63.251"
"01/08/2023 18:55:00";"68.982";"57.278"
"01/08/2023 19:00:00";"53.68";"44.65"
"01/08/2023 19:05:00";"41.023";"33.6"
"01/08/2023 19:10:00";"30.881";"25.449"
"01/08/2023 19:15:00";"19.846";"17.164"
"01/08/2023 19:20:00";"10.51";"9.5"
"01/08/2023 19:25:00";"7.163";"6.36"
"01/08/2023 19:30:00";"4.615";"3.961"
"01/08/2023 19:35:00";"2.139";"1.563"
"01/08/2023 19:40:00";"0.556";"0.166"
"01/08/2023 19:45:00";"0";"0"
"01/08/2023 19:50:00";"0";"0"
"01/08/2023 19:55:00";"0";"0"
"01/08/2023 20:00:00";"0";"0"
"01/08/2023 20:05:00";"0";"0"
"01/08/2023 20:10:00";"0";"0"
"01/08/2023 20:15:00";"0";"0"
"01/08/2023 20:20:00";"0";"0"
"01/08/2023 20:25:00";"0";"0"
"01/08/2023 20:30:00";"0";"0"
"01/08/2023 20:35:00";"0";"0"
"01/08/2023 20:40:00";"0";"0"
"01/08/2023 20:45:00";"0";"0"
"01/08/2023 20:50:00";"0";"0"
"01/08/2023 20:55:00";"0";"0"
"01/08/2023 21:00:00";"0";"0"
"01/08/2023 21:05:00";"0";"0"
"01/08/2023 21:10:00";"0";"0"
"01/08/2023 21:15:00";"0";"0"
"01/08/2023 21:20:00";"0";"0"
"01/08/2023 21:25:00";"0";"0"
"01/08/2023 21:30:00";"0";"0"
"01/08/2023 21:35:00";"0";"0"
"01/08/2023 21:40:00";"0";"0"
"01/08/2023 21:45:00";"0";"0"
"01/08/2023 21:50:00";"0";"0"
"01/08/2023 21:55:00";"0";"0"
"01/08/2023 22:00:00";"0";"0"
"01/08/2023 22:05:00";"0";"0"
"01/08/2023 22:10:00";"0";"0"
"01/08/2023 22:15:00";"0";"0"
"01/08/2023 22:20:00";"0";"0"
"01/08/2023 22:25:00";"0";"0"
"01/08/2023 22:30:00";"0";"0"
"01/08/2023 22:35:00";"0";"0"
"01/08/2023 22:40:00";"0";"0"
"01/08/2023 22:45:00";"0";"0"
"01/08/2023 22:50:00";"0";"0"
"01/08/2023 22:55:00";"0";"0"
"01/08/2023 23:00:00";"0";"0"
"01/08/2023 23:05:00";"0";"0"
"01/08/2023 23:10:00";"0";"0"
"01/08/2023 23:15:00";"0";"0"
"01/08/2023 23:20:00";"0";"0"
"01/08/2023 23:25:00";"0";"0"
"01/08/2023 23:30:00";"0";"0"
"01/08/2023 23:35:00";"0";"0"
"01/08/2023 23:40:00";"0";"0"
"01/08/2023 23:45:00";"0";"0"
"01/08/2023 23:50:00";"0";"0"
"01/08/2023 23:55:00";"0";"0"
"02/08/2023 00:00:00";"0";"0"
"02/08/2023 00:05:00";"0";"0"
"02/08/2023 00:10:00";"0";"0"
"02/08/2023 00:15:00";"0";"0"
"02/08/2023 00:20:00";"0";"0"
"02/08/2023 00:25:00";"0";"0"
"02/08/2023 00:30:00";"0";"0"
"02/08/2023 00:35:00";"0";"0"
"02/08/2023 00:40:00";"0";"0"
"02/08/2023 00:45:00";"0";"0"
"02/08/2023 00:50:00";"0";"0"
"02/08/2023 00:55:00";"0";"0"
"02/08/2023 01:00:00";"0";"0"
"02/08/2023 01:05:00";"0";"0"
"02/08/2023 01:10:00";"0";"0"
"02/08/2023 01:15:00";"0";"0"
"02/08/2023 01:20:00";"0";"0"
"02/08/2023 01:25:00";"0";"0"
"02/08/2023 01:30:00";"0";"0"
"02/08/2023 01:35:00";"0";"0"
"02/08/2023 01:40:00";"0";"0"
"02/08/2023 01:45:00";"0";"0"
"02/08/2023 01:50:00";"0";"0"
"02/08/2023 01:55:00";"0";"0"
"02/08/2023 02:00:00";"0";"0"
"02/08/2023 02:05:00";"0";"0"
"02/08/2023 02:10:00";"0";"0"
"02/08/2023 02:15:00";"0";"0"
"02/08/2023 02:20:00";"0";"0"
"02/08/2023 02:25:00";"0";"0"
"02/08/2023 02:30:00";"0";"0"
"02/08/2023 02:35:00";"0";"0"
"02/08/2023 02:40:00";"0";"0"
"02/08/2023 02:45:00";"0";"0"
"02/08/2023 02:50:00";"0";"0"
"02/08/2023 02:55:00";"0";"0"
"02/08/2023 03:00:00";"0";"0"
"02/08/2023 03:05:00";"0";"0"
"02/08/2023 03:10:00";"0";"0"
"02/08/2023 03:15:00";"0";"0"
"02/08/2023 03:20:00";"0";"0"
"02/08/2023 03:25:00";"0";"0"
"02/08/2023 03:30:00";"0";"0"
"02/08/2023 03:35:00";"0";"0"
"02/08/2023 03:40:00";"0";"0"
"02/08/2023 03:45:00";"0";"0"
"02/08/2023 03:50:00";"0";"0"
"02/08/2023 03:55:00";"0";"0"
"02/08/2023 04:00:00";"0";"0"
"02/08/2023 04:05:00";"0";"0"
"02/08/2023 04:10:00";"0";"0"
"02/08/2023 04:15:00";"0";"0"
"02/08/2023 04:20:00";"0";"0"
"02/08/2023 04:25:00";"0";"0"
"02/08/2023 04:30:00";"0";"0"
"02/08/2023 04:35:00";"0";"0"
"02/08/2023 04:40:00";"0";"0"
"02/08/2023 04:45:00";"0";"0"
"02/08/2023 04:50:00";"0";"0"
"02/08/2023 04:55:00";"0";"0"
"02/08/2023 05:00:00";"0";"0"
"02/08/2023 05:05:00";"0";"0"
"02/08/2023 05:10:00";"0";"0"
"02/08/2023 05:15:00";"0";"0"
"02/08/2023 05:20:00";"0";"0"
"02/08/2023 05:25:00";"0";"0"
"02/08/2023 05:30:00";"0";"0"
"02/08/2023 05:35:00";"0";"0"
"02/08/2023 05:40:00";"0";"0"
"02/08/2023 05:45:00";"0";"0"
"02/08/2023 05:50:00";"0";"0"
"02/08/2023 05:55:00";"0";"0"
"02/08/2023 06:00:00";"0";"0"
"02/08/2023 06:05:00";"0";"0"
"02/08/2023 06:10:00";"0.132";"0.008"
"02/08/2023 06:15:00";"1.086";"0.686"
"02/08/2023 06:20:00";"2.876";"2.475"
"02/08/2023 06:25:00";"5.351";"5.412"
"02/08/2023 06:30:00";"10.873";"12.05"
"02/08/2023 06:35:00";"15.724";"18.154"
"02/08/2023 06:40:00";"20.095";"19.757"
"02/08/2023 06:45:00";"20.888";"20.447"
"02/08/2023 06:50:00";"25.739";"25.084"
"02/08/2023 06:55:00";"37.524";"36.713"
"02/08/2023 07:00:00";"43.823";"42.779"
"02/08/2023 07:05:00";"115.517";"81.473"
"02/08/2023 07:10:00";"100.037";"81.071"
"02/08/2023 07:15:00";"179.495";"117.912"
"02/08/2023 07:20:00";"283.162";"165.705"
"02/08/2023 07:25:00";"239.504";"148.592"
"02/08/2023 07:30:00";"224.289";"139.154"
"02/08/2023 07:35:00";"333.446";"190.472"
"02/08/2023 07:40:00";"490.787";"270.315"
"02/08/2023 07:45:00";"492.238";"274.04"
"02/08/2023 07:50:00";"507.516";"300.192"
"02/08/2023 07:55:00";"195.254";"175.763"
"02/08/2023 08:00:00";"254.521";"202.415"
"02/08/2023 08:05:00";"300.19";"229.971"
"02/08/2023 08:10:00";"462.395";"309.95"
"02/08/2023 08:15:00";"490.435";"327.411"
"02/08/2023 08:20:00";"407.992";"292.614"
"02/08/2023 08:25:00";"390.993";"287.527"
"02/08/2023 08:30:00";"939.687";"550.384"
"02/08/2023 08:35:00";"1004.984";"573.443"
"02/08/2023 08:40:00";"845.907";"473.999"
"02/08/2023 08:45:00";"897.214";"522.367"
"02/08/2023 08:50:00";"977.497";"605.672"
"02/08/2023 08:55:00";"506.674";"341.432"
"02/08/2023 09:00:00";"320.507";"219.721"
"02/08/2023 09:05:00";"407.285";"289.195"
"02/08/2023 09:10:00";"785.424";"519.257"
"02/08/2023 09:15:00";"920.102";"628.325"
"02/08/2023 09:20:00";"844.981";"576.905"
"02/08/2023 09:25:00";"960.35";"669.153"
"02/08/2023 09:30:00";"963.563";"676.727"
"02/08/2023 09:35:00";"1003.696";"709.383"
"02/08/2023 09:40:00";"994.044";"708.975"
"02/08/2023 09:45:00";"1045.507";"734.862"
"02/08/2023 09:50:00";"1057.647";"758.134"
"02/08/2023 09:55:00";"1004.405";"737.471"
"02/08/2023 10:00:00";"989.708";"749.457"
"02/08/2023 10:05:00";"1051.699";"793.491"
"02/08/2023 10:10:00";"1053.246";"808.052"
"02/08/2023 10:15:00";"1049.28";"821.92"
"02/08/2023 10:20:00";"1047.587";"834.967"
"02/08/2023 10:25:00";"1055.298";"853.096"
"02/08/2023 10:30:00";"1068.497";"882.238"
"02/08/2023 10:35:00";"1073.882";"895.641"
"02/08/2023 10:40:00";"1055.938";"890.346"
"02/08/2023 10:45:00";"1070.177";"909.259"
"02/08/2023 10:50:00";"1077.437";"928.921"
"02/08/2023 10:55:00";"1073.124";"939.152"
"02/08/2023 11:00:00";"1071.122";"943.517"
"02/08/2023 11:05:00";"1071.69";"953.789"
"02/08/2023 11:10:00";"1062.537";"962.601"
"02/08/2023 11:15:00";"1071.962";"971.611"
"02/08/2023 11:20:00";"1061.939";"971.687"
"02/08/2023 11:25:00";"1063.799";"982.467"
"02/08/2023 11:30:00";"1062.152";"992.92"
"02/08/2023 11:35:00";"1068.077";"1006.282"
"02/08/2023 11:40:00";"1081.703";"1028.287"
"02/08/2023 11:45:00";"1098.43";"1054.959"
"02/08/2023 11:50:00";"1090.466";"1044.718"
"02/08/2023 11:55:00";"1122.552";"1081.058"
"02/08/2023 12:00:00";"1090.869";"1049.791"
"02/08/2023 12:05:00";"562.139";"540.452"
"02/08/2023 12:10:00";"1052.363";"1033.909"
"02/08/2023 12:15:00";"860.664";"851.113"
"02/08/2023 12:20:00";"639.927";"637.503"
"02/08/2023 12:25:00";"926.936";"921.512"
"02/08/2023 12:30:00";"1133.449";"1134.865"
"02/08/2023 12:35:00";"1000.096";"992.779"
"02/08/2023 12:40:00";"864.259";"867.907"
"02/08/2023 12:45:00";"1175.469";"1184.193"
"02/08/2023 12:50:00";"1177.933";"1186.902"
"02/08/2023 12:55:00";"1247.309";"1253.068"
"02/08/2023 13:00:00";"1030.908";"1032.962"
"02/08/2023 13:05:00";"830.616";"834.815"
"02/08/2023 13:10:00";"1142.311";"1135.34"
"02/08/2023 13:15:00";"816.113";"826.44"
"02/08/2023 13:20:00";"1238.709";"1236.238"
"02/08/2023 13:25:00";"1246.339";"1239.979"
"02/08/2023 13:30:00";"1256.337";"1251.572"
"02/08/2023 13:35:00";"1248.88";"1242.683"
"02/08/2023 13:40:00";"1026.464";"1029.754"
"02/08/2023 13:45:00";"1125.47";"1110.445"
"02/08/2023 13:50:00";"1167.844";"1147.206"
"02/08/2023 13:55:00";"1156.983";"1134.31"
"02/08/2023 14:00:00";"1147.078";"1120.83"
"02/08/2023 14:05:00";"1177.055";"1144.138"
"02/08/2023 14:10:00";"1046.588";"1008.509"
"02/08/2023 14:15:00";"242.322";"235.248"
"02/08/2023 14:20:00";"966.224";"907.385"
"02/08/2023 14:25:00";"1132.933";"1058.674"
"02/08/2023 14:30:00";"1055.625";"975.475"
"02/08/2023 14:35:00";"1153.111";"1064.199"
"02/08/2023 14:40:00";"1175.418";"1084.686"
"02/08/2023 14:45:00";"1202.463";"1103.642"
"02/08/2023 14:50:00";"606.111";"556.783"
"02/08/2023 14:55:00";"671.236";"616.194"
"02/08/2023 15:00:00";"1184.23";"1054.825"
"02/08/2023 15:05:00";"775.289";"689.63"
"02/08/2023 15:10:00";"1165.673";"1012.627"
"02/08/2023 15:15:00";"1147.849";"987.742"
"02/08/2023 15:20:00";"1129.952";"963.49"
"02/08/2023 15:25:00";"1119.984";"940.606"
"02/08/2023 15:30:00";"1128.323";"934.988"
"02/08/2023 15:35:00";"1130.092";"928.145"
"02/08/2023 15:40:00";"1130.973";"913.579"
"02/08/2023 15:45:00";"960.707";"767.795"
"02/08/2023 15:50:00";"352.357";"312.719"
"02/08/2023 15:55:00";"1145.789";"901.136"
"02/08/2023 16:00:00";"874.146";"693.49"
"02/08/2023 16:05:00";"1069.471";"824.942"
"02/08/2023 16:10:00";"324.852";"295.67"
"02/08/2023 16:15:00";"212.838";"228.252"
"02/08/2023 16:20:00";"220.416";"228.592"
"02/08/2023 16:25:00";"1066.786";"761.024"
"02/08/2023 16:30:00";"1062.787";"714.67"
"02/08/2023 16:35:00";"1062.118";"689.672"
"02/08/2023 16:40:00";"1051.302";"661.771"
"02/08/2023 16:45:00";"1025.719";"623.917"
"02/08/2023 16:50:00";"980.875";"585.234"
"02/08/2023 16:55:00";"304.513";"195.995"
"02/08/2023 17:00:00";"1000.769";"565.679"
"02/08/2023 17:05:00";"995.315";"548.93"
"02/08/2023 17:10:00";"992.256";"537.785"
"02/08/2023 17:15:00";"991.483";"525.704"
"02/08/2023 17:20:00";"875.713";"461.995"
"02/08/2023 17:25:00";"724.728";"390.275"
"02/08/2023 17:30:00";"204.62";"162.29"
"02/08/2023 17:35:00";"404.103";"260.423"
"02/08/2023 17:40:00";"820.383";"419.341"
"02/08/2023 17:45:00";"898.299";"425.99"
"02/08/2023 17:50:00";"854.237";"409.016"
"02/08/2023 17:55:00";"794.87";"385.184"
"02/08/2023 18:00:00";"817.494";"350.549"
"02/08/2023 18:05:00";"401.729";"188.078"
"02/08/2023 18:10:00";"275.011";"134.355"
"02/08/2023 18:15:00";"112.105";"73.391"
"02/08/2023 18:20:00";"101.329";"70.941"
"02/08/2023 18:25:00";"97.668";"70.933"
"02/08/2023 18:30:00";"96.929";"74.733"
"02/08/2023 18:35:00";"82.265";"67.658"
"02/08/2023 18:40:00";"61.156";"51.142"
"02/08/2023 18:45:00";"40.481";"34.372"
"02/08/2023 18:50:00";"32.129";"28.318"
"02/08/2023 18:55:00";"26.551";"23.204"
"02/08/2023 19:00:00";"24.944";"21.474"
"02/08/2023 19:05:00";"21.878";"19.001"
"02/08/2023 19:10:00";"17.639";"15.816"
"02/08/2023 19:15:00";"12.81";"11.67"
"02/08/2023 19:20:00";"8.994";"8.237"
"02/08/2023 19:25:00";"7.506";"5.972"
"02/08/2023 19:30:00";"4.048";"3.554"
"02/08/2023 19:35:00";"1.809";"1.292"
"02/08/2023 19:40:00";"0.344";"0.046"
"02/08/2023 19:45:00";"0";"0"
"02/08/2023 19:50:00";"0";"0"
"02/08/2023 19:55:00";"0";"0"
"02/08/2023 20:00:00";"0";"0"
"02/08/2023 20:05:00";"0";"0"
"02/08/2023 20:10:00";"0";"0"
"02/08/2023 20:15:00";"0";"0"
"02/08/2023 20:20:00";"0";"0"
"02/08/2023 20:25:00";"0";"0"
"02/08/2023 20:30:00";"0";"0"
"02/08/2023 20:35:00";"0";"0"
"02/08/2023 20:40:00";"0";"0"
"02/08/2023 20:45:00";"0";"0"
"02/08/2023 20:50:00";"0";"0"
"02/08/2023 20:55:00";"0";"0"
"02/08/2023 21:00:00";"0";"0"
"02/08/2023 21:05:00";"0";"0"
"02/08/2023 21:10:00";"0";"0"
"02/08/2023 21:15:00";"0";"0"
"02/08/2023 21:20:00";"0";"0"
"02/08/2023 21:25:00";"0";"0"
"02/08/2023 21:30:00";"0";"0"
"02/08/2023 21:35:00";"0";"0"
"02/08/2023 21:40:00";"0";"0"
"02/08/2023 21:45:00";"0";"0"
"02/08/2023 21:50:00";"0";"0"
"02/08/2023 21:55:00";"0";"0"
"02/08/2023 22:00:00";"0";"0"
"02/08/2023 22:05:00";"0";"0"
"02/08/2023 22:10:00";"0";"0"
"02/08/2023 22:15:00";"0";"0"
"02/08/2023 22:20:00";"0";"0"
"02/08/2023 22:25:00";"0";"0"
"02/08/2023 22:30:00";"0";"0"
"02/08/2023 22:35:00";"0";"0"
"02/08/2023 22:40:00";"0";"0"
"02/08/2023 22:45:00";"0";"0"
"02/08/2023 22:50:00";"0";"0"
"02/08/2023 22:55:00";"0";"0"
"02/08/2023 23:00:00";"0";"0"
"02/08/2023 23:05:00";"0";"0"
"02/08/2023 23:10:00";"0";"0"
"02/08/2023 23:15:00";"0";"0"
"02/08/2023 23:20:00";"0";"0"
"02/08/2023 23:25:00";"0";"0"
"02/08/2023 23:30:00";"0";"0"
"02/08/2023 23:35:00";"0";"0"
"02/08/2023 23:40:00";"0";"0"
"02/08/2023 23:45:00";"0";"0"
"02/08/2023 23:50:00";"0";"0"
"02/08/2023 23:55:00";"0";"0"
"03/08/2023 00:00:00";"0";"0"
"03/08/2023 00:05:00";"0";"0"
"03/08/2023 00:10:00";"0";"0"
"03/08/2023 00:15:00";"0";"0"
"03/08/2023 00:20:00";"0";"0"
"03/08/2023 00:25:00";"0";"0"
"03/08/2023 00:30:00";"0";"0"
"03/08/2023 00:35:00";"0";"0"
"03/08/2023 00:40:00";"0";"0"
"03/08/2023 00:45:00";"0";"0"
"03/08/2023 00:50:00";"0";"0"
"03/08/2023 00:55:00";"0";"0"
"03/08/2023 01:00:00";"0";"0"
"03/08/2023 01:05:00";"0";"0"
"03/08/2023 01:10:00";"0";"0"
"03/08/2023 01:15:00";"0";"0"
"03/08/2023 01:20:00";"0";"0"
"03/08/2023 01:25:00";"0";"0"
"03/08/2023 01:30:00";"0";"0"
"03/08/2023 01:35:00";"0";"0"
"03/08/2023 01:40:00";"0";"0"
"03/08/2023 01:45:00";"0";"0"
"03/08/2023 01:50:00";"0";"0"
"03/08/2023 01:55:00";"0";"0"
"03/08/2023 02:00:00";"0";"0"
"03/08/2023 02:05:00";"0";"0"
"03/08/2023 02:10:00";"0";"0"
"03/08/2023 02:15:00";"0";"0"
"03/08/2023 02:20:00";"0";"0"
"03/08/2023 02:25:00";"0";"0"
"03/08/2023 02:30:00";"0";"0"
"03/08/2023 02:35:00";"0";"0"
"03/08/2023 02:40:00";"0";"0"
"03/08/2023 02:45:00";"0";"0"
"03/08/2023 02:50:00";"0";"0"
"03/08/2023 02:55:00";"0";"0"
"03/08/2023 03:00:00";"0";"0"
"03/08/2023 03:05:00";"0";"0"
"03/08/2023 03:10:00";"0";"0"
"03/08/2023 03:15:00";"0";"0"
"03/08/2023 03:20:00";"0";"0"
"03/08/2023 03:25:00";"0";"0"
"03/08/2023 03:30:00";"0";"0"
"03/08/2023 03:35:00";"0";"0"
"03/08/2023 03:40:00";"0";"0"
"03/08/2023 03:45:00";"0";"0"
"03/08/2023 03:50:00";"0";"0"
"03/08/2023 03:55:00";"0";"0"
"03/08/2023 04:00:00";"0";"0"
"03/08/2023 04:05:00";"0";"0"
"03/08/2023 04:10:00";"0";"0"
"03/08/2023 04:15:00";"0";"0"
"03/08/2023 04:20:00";"0";"0"
"03/08/2023 04:25:00";"0";"0"
"03/08/2023 04:30:00";"0";"0"
"03/08/2023 04:35:00";"0";"0"
"03/08/2023 04:40:00";"0";"0"
"03/08/2023 04:45:00";"0";"0"
"03/08/2023 04:50:00";"0";"0"
"03/08/2023 04:55:00";"0";"0"
"03/08/2023 05:00:00";"0";"0"
"03/08/2023 05:05:00";"0";"0"
"03/08/2023 05:10:00";"0";"0"
"03/08/2023 05:15:00";"0";"0"
"03/08/2023 05:20:00";"0";"0"
"03/08/2023 05:25:00";"0";"0"
"03/08/2023 05:30:00";"0";"0"
"03/08/2023 05:35:00";"0";"0"
"03/08/2023 05:40:00";"0";"0"
"03/08/2023 05:45:00";"0";"0"
"03/08/2023 05:50:00";"0";"0"
"03/08/2023 05:55:00";"0";"0"
"03/08/2023 06:00:00";"0";"0"
"03/08/2023 06:05:00";"0";"0"
"03/08/2023 06:10:00";"0";"0"
"03/08/2023 06:15:00";"0.105";"0.248"
"03/08/2023 06:20:00";"1.336";"1.453"
"03/08/2023 06:25:00";"3.026";"3.303"
"03/08/2023 06:30:00";"6.458";"6.984"
"03/08/2023 06:35:00";"11.908";"12.213"
"03/08/2023 06:40:00";"17.68";"17.627"
"03/08/2023 06:45:00";"21.125";"20.749"
"03/08/2023 06:50:00";"30.505";"29.294"
"03/08/2023 06:55:00";"51.108";"46.766"
"03/08/2023 07:00:00";"69.926";"63.74"
"03/08/2023 07:05:00";"83.707";"74.962"
"03/08/2023 07:10:00";"95.471";"84.676"
"03/08/2023 07:15:00";"84.561";"72.822"
"03/08/2023 07:20:00";"106.439";"79.441"
"03/08/2023 07:25:00";"322.11";"174.279"
"03/08/2023 07:30:00";"377.129";"192.373"
"03/08/2023 07:35:00";"434.331";"213.748"
"03/08/2023 07:40:00";"485.031";"234.29"
"03/08/2023 07:45:00";"526.362";"251.16"
"03/08/2023 07:50:00";"577.61";"274.665"
"03/08/2023 07:55:00";"640.294";"297.428"
"03/08/2023 08:00:00";"687.432";"317.613"
"03/08/2023 08:05:00";"731.959";"334.797"
"03/08/2023 08:10:00";"743.43";"353.177"
"03/08/2023 08:15:00";"654.38";"373.131"
"03/08/2023 08:20:00";"779.977";"394.038"
"03/08/2023 08:25:00";"805.971";"428.531"
"03/08/2023 08:30:00";"853.14";"478.49"
"03/08/2023 08:35:00";"745.677";"449.992"
"03/08/2023 08:40:00";"619.316";"382.714"
"03/08/2023 08:45:00";"177.274";"132.558"
"03/08/2023 08:50:00";"205.563";"151.335"
"03/08/2023 08:55:00";"271.42";"214.327"
"03/08/2023 09:00:00";"295.982";"218.738"
"03/08/2023 09:05:00";"310.21";"227.353"
"03/08/2023 09:10:00";"672.517";"471.52"
"03/08/2023 09:15:00";"528.926";"391.505"
"03/08/2023 09:20:00";"415.246";"342.04"
"03/08/2023 09:25:00";"803.351";"572.321"
"03/08/2023 09:30:00";"1017.747";"688.031"
"03/08/2023 09:35:00";"1024.879";"704.917"
"03/08/2023 09:40:00";"1035.214";"723.079"
"03/08/2023 09:45:00";"1050.628";"751.472"
"03/08/2023 09:50:00";"1021.348";"742.749"
"03/08/2023 09:55:00";"697.739";"512.292"
"03/08/2023 10:00:00";"1054.297";"787.958"
"03/08/2023 10:05:00";"1073.869";"833.174"
"03/08/2023 10:10:00";"910.131";"713.991"
"03/08/2023 10:15:00";"1080.977";"853.144"
"03/08/2023 10:20:00";"1056.574";"845.115"
"03/08/2023 10:25:00";"1053.903";"859.278"
"03/08/2023 10:30:00";"1052.315";"867.781"
"03/08/2023 10:35:00";"1069.117";"896.032"
"03/08/2023 10:40:00";"1126.13";"963.593"
"03/08/2023 10:45:00";"1096.546";"937.617"
"03/08/2023 10:50:00";"1099.225";"952.102"
"03/08/2023 10:55:00";"1053.503";"926.218"
"03/08/2023 11:00:00";"1077.252";"976.324"
"03/08/2023 11:05:00";"1011.723";"899.546"
"03/08/2023 11:10:00";"1008.584";"898.714"
"03/08/2023 11:15:00";"814.15";"738.456"
"03/08/2023 11:20:00";"888.563";"810.227"
"03/08/2023 11:25:00";"1173.88";"1097.69"
"03/08/2023 11:30:00";"1181.269";"1121.159"
"03/08/2023 11:35:00";"1271.08";"1213.916"
"03/08/2023 11:40:00";"906.328";"873.691"
"03/08/2023 11:45:00";"898.796";"873.603"
"03/08/2023 11:50:00";"1121.567";"1106.26"
"03/08/2023 11:55:00";"1030.741";"1005.559"
"03/08/2023 12:00:00";"1013.556";"994.544"
"03/08/2023 12:05:00";"1076.711";"1061.853"
"03/08/2023 12:10:00";"1130.253";"1121.749"
"03/08/2023 12:15:00";"1170.442";"1162.722"
"03/08/2023 12:20:00";"1156.448";"1155.051"
"03/08/2023 12:25:00";"1083.102";"1088.425"
"03/08/2023 12:30:00";"1180.001";"1181.826"
"03/08/2023 12:35:00";"702.701";"708.014"
"03/08/2023 12:40:00";"1046.206";"1044.206"
"03/08/2023 12:45:00";"680.946";"693.499"
"03/08/2023 12:50:00";"451.73";"447.402"
"03/08/2023 12:55:00";"834.259";"830.388"
"03/08/2023 13:00:00";"583.679";"584.79"
"03/08/2023 13:05:00";"638.708";"652.954"
"03/08/2023 13:10:00";"934.216";"938.677"
"03/08/2023 13:15:00";"638.595";"632.126"
"03/08/2023 13:20:00";"1114.292";"1110.43"
"03/08/2023 13:25:00";"579.646";"576.245"
"03/08/2023 13:30:00";"761.41";"758.671"
"03/08/2023 13:35:00";"946.145";"943.373"
"03/08/2023 13:40:00";"1009.616";"993.948"
"03/08/2023 13:45:00";"1247.269";"1240.924"
"03/08/2023 13:50:00";"1001.532";"986.954"
"03/08/2023 13:55:00";"1044.169";"1022.762"
"03/08/2023 14:00:00";"744.814";"721.929"
"03/08/2023 14:05:00";"1217.023";"1177.794"
"03/08/2023 14:10:00";"1268.817";"1218.433"
"03/08/2023 14:15:00";"1070.755";"1019.016"
"03/08/2023 14:20:00";"642.686";"605.08"
"03/08/2023 14:25:00";"409.673";"388.93"
"03/08/2023 14:30:00";"892.74";"821.547"
"03/08/2023 14:35:00";"524.627";"477.201"
"03/08/2023 14:40:00";"1139.505";"1037.756"
"03/08/2023 14:45:00";"1153.816";"1052.022"
"03/08/2023 14:50:00";"1193.069";"1076.748"
"03/08/2023 14:55:00";"1035.401";"920.284"
"03/08/2023 15:00:00";"1075.147";"950.202"
"03/08/2023 15:05:00";"538.566";"475.637"
"03/08/2023 15:10:00";"1155.16";"995.707"
"03/08/2023 15:15:00";"1129.243";"964.035"
"03/08/2023 15:20:00";"1146.329";"964.643"
"03/08/2023 15:25:00";"1136.128";"934.525"
"03/08/2023 15:30:00";"939.119";"762.339"
"03/08/2023 15:35:00";"1053.144";"841.658"
"03/08/2023 15:40:00";"878.148";"688.04"
"03/08/2023 15:45:00";"1094.722";"840.396"
"03/08/2023 15:50:00";"1085.661";"826.958"
"03/08/2023 15:55:00";"1067.332";"803.435"
"03/08/2023 16:00:00";"961.145";"712.932"
"03/08/2023 16:05:00";"999.572";"726.702"
"03/08/2023 16:10:00";"1039.448";"743.34"
"03/08/2023 16:15:00";"1029.684";"725.197"
"03/08/2023 16:20:00";"1018.055";"706.226"
"03/08/2023 16:25:00";"1009.143";"687.893"
"03/08/2023 16:30:00";"999.354";"669.634"
"03/08/2023 16:35:00";"992.604";"654.283"
"03/08/2023 16:40:00";"979.318";"634.884"
"03/08/2023 16:45:00";"970.444";"616.4"
"03/08/2023 16:50:00";"1012.222";"596.26"
"03/08/2023 16:55:00";"1007.65";"579.376"
"03/08/2023 17:00:00";"1006.013";"562.239"
"03/08/2023 17:05:00";"933.222";"542.713"
"03/08/2023 17:10:00";"899.593";"521.003"
"03/08/2023 17:15:00";"888.007";"504.34"
"03/08/2023 17:20:00";"865.383";"483.443"
"03/08/2023 17:25:00";"819.437";"462.085"
"03/08/2023 17:30:00";"783.269";"434.243"
"03/08/2023 17:35:00";"758.336";"408.799"
"03/08/2023 17:40:00";"739.765";"389.801"
"03/08/2023 17:45:00";"734.856";"377.21"
"03/08/2023 17:50:00";"722.789";"364.005"
"03/08/2023 17:55:00";"698.182";"339.206"
"03/08/2023 18:00:00";"571.241";"273.871"
"03/08/2023 18:05:00";"673.106";"295.393"
"03/08/2023 18:10:00";"674.772";"271.839"
"03/08/2023 18:15:00";"632.639";"247.059"
"03/08/2023 18:20:00";"575.248";"223.186"
"03/08/2023 18:25:00";"517.773";"201.093"
"03/08/2023 18:30:00";"465.522";"181.463"
"03/08/2023 18:35:00";"418.001";"161.129"
"03/08/2023 18:40:00";"367.233";"140.096"
"03/08/2023 18:45:00";"307.776";"119.556"
"03/08/2023 18:50:00";"265.396";"103.229"
"03/08/2023 18:55:00";"222.643";"86.813"
"03/08/2023 19:00:00";"152.782";"72.342"
"03/08/2023 19:05:00";"125.248";"56.35"
"03/08/2023 19:10:00";"89.811";"41.001"
"03/08/2023 19:15:00";"45.406";"25.006"
"03/08/2023 19:20:00";"14.085";"11.341"
"03/08/2023 19:25:00";"6.947";"6.124"
"03/08/2023 19:30:00";"3.58";"2.992"
"03/08/2023 19:35:00";"1.707";"1.226"
"03/08/2023 19:40:00";"0.434";"0.275"
"03/08/2023 19:45:00";"0";"0"
"03/08/2023 19:50:00";"0";"0"
"03/08/2023 19:55:00";"0";"0"
"03/08/2023 20:00:00";"0";"0"
"03/08/2023 20:05:00";"0";"0"
"03/08/2023 20:10:00";"0";"0"
"03/08/2023 20:15:00";"0";"0"
"03/08/2023 20:20:00";"0";"0"
"03/08/2023 20:25:00";"0";"0"
"03/08/2023 20:30:00";"0";"0"
"03/08/2023 20:35:00";"0";"0"
"03/08/2023 20:40:00";"0";"0"
"03/08/2023 20:45:00";"0";"0"
"03/08/2023 20:50:00";"0";"0"
"03/08/2023 20:55:00";"0";"0"
"03/08/2023 21:00:00";"0";"0"
"03/08/2023 21:05:00";"0";"0"
"03/08/2023 21:10:00";"0";"0"
"03/08/2023 21:15:00";"0";"0"
"03/08/2023 21:20:00";"0";"0"
"03/08/2023 21:25:00";"0";"0"
"03/08/2023 21:30:00";"0";"0"
"03/08/2023 21:35:00";"0";"0"
"03/08/2023 21:40:00";"0";"0"
"03/08/2023 21:45:00";"0";"0"
"03/08/2023 21:50:00";"0";"0"
"03/08/2023 21:55:00";"0";"0"
"03/08/2023 22:00:00";"0";"0"
"03/08/2023 22:05:00";"0";"0"
"03/08/2023 22:10:00";"0";"0"
"03/08/2023 22:15:00";"0";"0"
"03/08/2023 22:20:00";"0";"0"
"03/08/2023 22:25:00";"0";"0"
"03/08/2023 22:30:00";"0";"0"
"03/08/2023 22:35:00";"0";"0"
"03/08/2023 22:40:00";"0";"0"
"03/08/2023 22:45:00";"0";"0"
"03/08/2023 22:50:00";"0";"0"
"03/08/2023 22:55:00";"0";"0"
"03/08/2023 23:00:00";"0";"0"
"03/08/2023 23:05:00";"0";"0"
"03/08/2023 23:10:00";"0";"0"
"03/08/2023 23:15:00";"0";"0"
"03/08/2023 23:20:00";"0";"0"
"03/08/2023 23:25:00";"0";"0"
"03/08/2023 23:30:00";"0";"0"
"03/08/2023 23:35:00";"0";"0"
"03/08/2023 23:40:00";"0";"0"
"03/08/2023 23:45:00";"0";"0"
"03/08/2023 23:50:00";"0";"0"
"03/08/2023 23:55:00";"0";"0"
"04/08/2023 00:00:00";"0";"0"
"04/08/2023 00:05:00";"0";"0"
"04/08/2023 00:10:00";"0";"0"
"04/08/2023 00:15:00";"0";"0"
"04/08/2023 00:20:00";"0";"0"
"04/08/2023 00:25:00";"0";"0"
"04/08/2023 00:30:00";"0";"0"
"04/08/2023 00:35:00";"0";"0"
"04/08/2023 00:40:00";"0";"0"
"04/08/2023 00:45:00";"0";"0"
"04/08/2023 00:50:00";"0";"0"
"04/08/2023 00:55:00";"0";"0"
"04/08/2023 01:00:00";"0";"0"
"04/08/2023 01:05:00";"0";"0"
"04/08/2023 01:10:00";"0";"0"
"04/08/2023 01:15:00";"0";"0"
"04/08/2023 01:20:00";"0";"0"
"04/08/2023 01:25:00";"0";"0"
"04/08/2023 01:30:00";"0";"0"
"04/08/2023 01:35:00";"0";"0"
"04/08/2023 01:40:00";"0";"0"
"04/08/2023 01:45:00";"0";"0"
"04/08/2023 01:50:00";"0";"0"
"04/08/2023 01:55:00";"0";"0"
"04/08/2023 02:00:00";"0";"0"
"04/08/2023 02:05:00";"0";"0"
"04/08/2023 02:10:00";"0";"0"
"04/08/2023 02:15:00";"0";"0"
"04/08/2023 02:20:00";"0";"0"
"04/08/2023 02:25:00";"0";"0"
"04/08/2023 02:30:00";"0";"0"
"04/08/2023 02:35:00";"0";"0"
"04/08/2023 02:40:00";"0";"0"
"04/08/2023 02:45:00";"0";"0"
"04/08/2023 02:50:00";"0";"0"
"04/08/2023 02:55:00";"0";"0"
"04/08/2023 03:00:00";"0";"0"
"04/08/2023 03:05:00";"0";"0"
"04/08/2023 03:10:00";"0";"0"
"04/08/2023 03:15:00";"0";"0"
"04/08/2023 03:20:00";"0";"0"
"04/08/2023 03:25:00";"0";"0"
"04/08/2023 03:30:00";"0";"0"
"04/08/2023 03:35:00";"0";"0"
"04/08/2023 03:40:00";"0";"0"
"04/08/2023 03:45:00";"0";"0"
"04/08/2023 03:50:00";"0";"0"
"04/08/2023 03:55:00";"0";"0"
"04/08/2023 04:00:00";"0";"0"
"04/08/2023 04:05:00";"0";"0"
"04/08/2023 04:10:00";"0";"0"
"04/08/2023 04:15:00";"0";"0"
"04/08/2023 04:20:00";"0";"0"
"04/08/2023 04:25:00";"0";"0"
"04/08/2023 04:30:00";"0";"0"
"04/08/2023 04:35:00";"0";"0"
"04/08/2023 04:40:00";"0";"0"
"04/08/2023 04:45:00";"0";"0"
"04/08/2023 04:50:00";"0";"0"
"04/08/2023 04:55:00";"0";"0"
"04/08/2023 05:00:00";"0";"0"
"04/08/2023 05:05:00";"0";"0"
"04/08/2023 05:10:00";"0";"0"
"04/08/2023 05:15:00";"0";"0"
"04/08/2023 05:20:00";"0";"0"
"04/08/2023 05:25:00";"0";"0"
"04/08/2023 05:30:00";"0";"0"
"04/08/2023 05:35:00";"0";"0"
"04/08/2023 05:40:00";"0";"0"
"04/08/2023 05:45:00";"0";"0"
"04/08/2023 05:50:00";"0";"0"
"04/08/2023 05:55:00";"0";"0"
"04/08/2023 06:00:00";"0";"0"
"04/08/2023 06:05:00";"0";"0"
"04/08/2023 06:10:00";"0.025";"0.021"
"04/08/2023 06:15:00";"0.89";"0.885"
"04/08/2023 06:20:00";"3.156";"3.331"
"04/08/2023 06:25:00";"6.264";"6.487"
"04/08/2023 06:30:00";"9.588";"11.326"
"04/08/2023 06:35:00";"13.157";"14.054"
"04/08/2023 06:40:00";"19.159";"19.052"
"04/08/2023 06:45:00";"26.389";"25.615"
"04/08/2023 06:50:00";"34.521";"32.747"
"04/08/2023 06:55:00";"44.069";"41.345"
"04/08/2023 07:00:00";"60.677";"54.286"
"04/08/2023 07:05:00";"114.935";"84.475"
"04/08/2023 07:10:00";"139.005";"97.203"
"04/08/2023 07:15:00";"156.058";"107.22"
"04/08/2023 07:20:00";"141.012";"102.361"
"04/08/2023 07:25:00";"110.129";"90.203"
"04/08/2023 07:30:00";"106.927";"92.654"
"04/08/2023 07:35:00";"128.902";"108.348"
"04/08/2023 07:40:00";"164.737";"129.747"
"04/08/2023 07:45:00";"155.584";"130.47"
"04/08/2023 07:50:00";"209.159";"155.143"
"04/08/2023 07:55:00";"252.966";"181.169"
"04/08/2023 08:00:00";"435.775";"269.982"
"04/08/2023 08:05:00";"427.156";"280.272"
"04/08/2023 08:10:00";"537.709";"346.037"
"04/08/2023 08:15:00";"691.773";"429.399"
"04/08/2023 08:20:00";"764.533";"479.79"
"04/08/2023 08:25:00";"753.578";"488.842"
"04/08/2023 08:30:00";"625.583";"421.749"
"04/08/2023 08:35:00";"908.439";"563.925"
"04/08/2023 08:40:00";"915.834";"562.351"
"04/08/2023 08:45:00";"878.586";"579.084"
"04/08/2023 08:50:00";"571.496";"640.799"
"04/08/2023 08:55:00";"896.577";"662.436"
"04/08/2023 09:00:00";"1047.32";"667.927"
"04/08/2023 09:05:00";"1040.585";"673.124"
"04/08/2023 09:10:00";"1043.968";"683.678"
"04/08/2023 09:15:00";"788.145";"531.631"
"04/08/2023 09:20:00";"751.179";"523.382"
"04/08/2023 09:25:00";"571.756";"411.001"
"04/08/2023 09:30:00";"977.28";"676.85"
"04/08/2023 09:35:00";"981.918";"686.692"
"04/08/2023 09:40:00";"1039.831";"737.052"
"04/08/2023 09:45:00";"877.824";"642.253"
"04/08/2023 09:50:00";"754.314";"581.516"
"04/08/2023 09:55:00";"825.996";"655.223"
"04/08/2023 10:00:00";"1246.667";"977.688"
"04/08/2023 10:05:00";"1263.109";"998.171"
"04/08/2023 10:10:00";"1223.433";"969.584"
"04/08/2023 10:15:00";"1201.209";"965.661"
"04/08/2023 10:20:00";"802.603";"668.206"
"04/08/2023 10:25:00";"1012.325";"836.43"
"04/08/2023 10:30:00";"1263.904";"1055.069"
"04/08/2023 10:35:00";"1167.59";"990.488"
"04/08/2023 10:40:00";"1123.568";"961.258"
"04/08/2023 10:45:00";"1145.71";"978.02"
"04/08/2023 10:50:00";"1146.999";"992.3"
"04/08/2023 10:55:00";"1162.976";"1014.961"
"04/08/2023 11:00:00";"1168.801";"1031.725"
"04/08/2023 11:05:00";"1152.161";"1032.284"
"04/08/2023 11:10:00";"1267.153";"1146.607"
"04/08/2023 11:15:00";"925.028";"854.594"
"04/08/2023 11:20:00";"626.596";"574.984"
"04/08/2023 11:25:00";"594.953";"557.395"
"04/08/2023 11:30:00";"669.593";"628.676"
"04/08/2023 11:35:00";"675.056";"635.763"
"04/08/2023 11:40:00";"1203.088";"1138.988"
"04/08/2023 11:45:00";"1113.671";"1060.696"
"04/08/2023 11:50:00";"1047.323";"1005.949"
"04/08/2023 11:55:00";"1158.105";"1118.259"
"04/08/2023 12:00:00";"1066.946";"1038.571"
"04/08/2023 12:05:00";"1136.635";"1113.921"
"04/08/2023 12:10:00";"1062.217";"1049.205"
"04/08/2023 12:15:00";"1110.256";"1097.859"
"04/08/2023 12:20:00";"1008.425";"1003.045"
"04/08/2023 12:25:00";"1081.017";"1079.562"
"04/08/2023 12:30:00";"1080.761";"1081.327"
"04/08/2023 12:35:00";"1087.272";"1089.06"
"04/08/2023 12:40:00";"1096.25";"1100.21"
"04/08/2023 12:45:00";"1065.093";"1072.486"
"04/08/2023 12:50:00";"569.419";"576.989"
"04/08/2023 12:55:00";"1144.815";"1157.548"
"04/08/2023 13:00:00";"1081.392";"1095.874"
"04/08/2023 13:05:00";"1071.253";"1080.451"
"04/08/2023 13:10:00";"1030.766";"1041.132"
"04/08/2023 13:15:00";"1129.495";"1134.348"
"04/08/2023 13:20:00";"953.464";"948.148"
"04/08/2023 13:25:00";"817.532";"815.088"
"04/08/2023 13:30:00";"1048.944";"1040.252"
"04/08/2023 13:35:00";"766.48";"761.362"
"04/08/2023 13:40:00";"1136.667";"1127.612"
"04/08/2023 13:45:00";"1180.759";"1161.801"
"04/08/2023 13:50:00";"1066.325";"1060.745"
"04/08/2023 13:55:00";"1036.274";"1019.209"
"04/08/2023 14:00:00";"1171.693";"1145.729"
"04/08/2023 14:05:00";"1196.356";"1160.587"
"04/08/2023 14:10:00";"913.316";"879.913"
"04/08/2023 14:15:00";"1116.599";"1079.03"
"04/08/2023 14:20:00";"879.143";"853.453"
"04/08/2023 14:25:00";"1048.846";"1012.309"
"04/08/2023 14:30:00";"1016.152";"970.682"
"04/08/2023 14:35:00";"824.326";"778.372"
"04/08/2023 14:40:00";"1127.556";"1037.43"
"04/08/2023 14:45:00";"1184.644";"1072.161"
"04/08/2023 14:50:00";"1175.779";"1056.594"
"04/08/2023 14:55:00";"1178.284";"1059.547"
"04/08/2023 15:00:00";"1185.949";"1064.455"
"04/08/2023 15:05:00";"1092.013";"977.12"
"04/08/2023 15:10:00";"1127.457";"989.603"
"04/08/2023 15:15:00";"1140.187";"973.794"
"04/08/2023 15:20:00";"1128.183";"943.667"
"04/08/2023 15:25:00";"1129.904";"931.503"
"04/08/2023 15:30:00";"1127.172";"915.275"
"04/08/2023 15:35:00";"1125.778";"900.942"
"04/08/2023 15:40:00";"1095.938";"859.379"
"04/08/2023 15:45:00";"1082.83";"850.06"
"04/08/2023 15:50:00";"1066.011";"831.019"
"04/08/2023 15:55:00";"1051.384";"808.778"
"04/08/2023 16:00:00";"1042.596";"795.939"
"04/08/2023 16:05:00";"1012.676";"753.051"
"04/08/2023 16:10:00";"965.225";"704.062"
"04/08/2023 16:15:00";"612.563";"434.116"
"04/08/2023 16:20:00";"1016.526";"702.218"
"04/08/2023 16:25:00";"1010.276";"680.667"
"04/08/2023 16:30:00";"982.997";"654.435"
"04/08/2023 16:35:00";"975.5";"641.901"
"04/08/2023 16:40:00";"966.487";"625.79"
"04/08/2023 16:45:00";"965.178";"613.887"
"04/08/2023 16:50:00";"950.095";"594.69"
"04/08/2023 16:55:00";"939.651";"577.698"
"04/08/2023 17:00:00";"923.913";"555.524"
"04/08/2023 17:05:00";"916.216";"538.863"
"04/08/2023 17:10:00";"903.238";"518.095"
"04/08/2023 17:15:00";"889.004";"499.28"
"04/08/2023 17:20:00";"872.745";"477.427"
"04/08/2023 17:25:00";"824.484";"457.482"
"04/08/2023 17:30:00";"806.087";"438.638"
"04/08/2023 17:35:00";"802.421";"426.25"
"04/08/2023 17:40:00";"690.804";"363.517"
"04/08/2023 17:45:00";"786.844";"404.66"
"04/08/2023 17:50:00";"635.635";"324.272"
"04/08/2023 17:55:00";"455.516";"235.687"
"04/08/2023 18:00:00";"435.659";"219.887"
"04/08/2023 18:05:00";"405.253";"199.141"
"04/08/2023 18:10:00";"662.929";"287.69"
"04/08/2023 18:15:00";"661.166";"274.113"
"04/08/2023 18:20:00";"638.733";"256.895"
"04/08/2023 18:25:00";"154.995";"90.942"
"04/08/2023 18:30:00";"120.762";"79.962"
"04/08/2023 18:35:00";"105.458";"67.331"
"04/08/2023 18:40:00";"107.548";"59.502"
"04/08/2023 18:45:00";"155.281";"70.638"
"04/08/2023 18:50:00";"135.198";"63.774"
"04/08/2023 18:55:00";"46.515";"30.788"
"04/08/2023 19:00:00";"28.507";"21.942"
"04/08/2023 19:05:00";"21.176";"17.279"
"04/08/2023 19:10:00";"16.963";"14.219"
"04/08/2023 19:15:00";"13.141";"11.162"
"04/08/2023 19:20:00";"9.469";"8.231"
"04/08/2023 19:25:00";"5.737";"5.105"
"04/08/2023 19:30:00";"2.941";"2.467"
"04/08/2023 19:35:00";"1.121";"0.722"
"04/08/2023 19:40:00";"0.147";"0.054"
"04/08/2023 19:45:00";"0";"0"
"04/08/2023 19:50:00";"0";"0"
"04/08/2023 19:55:00";"0";"0"
"04/08/2023 20:00:00";"0";"0"
"04/08/2023 20:05:00";"0";"0"
"04/08/2023 20:10:00";"0";"0"
"04/08/2023 20:15:00";"0";"0"
"04/08/2023 20:20:00";"0";"0"
"04/08/2023 20:25:00";"0";"0"
"04/08/2023 20:30:00";"0";"0"
"04/08/2023 20:35:00";"0";"0"
"04/08/2023 20:40:00";"0";"0"
"04/08/2023 20:45:00";"0";"0"
"04/08/2023 20:50:00";"0";"0"
"04/08/2023 20:55:00";"0";"0"
"04/08/2023 21:00:00";"0";"0"
"04/08/2023 21:05:00";"0";"0"
"04/08/2023 21:10:00";"0";"0"
"04/08/2023 21:15:00";"0";"0"
"04/08/2023 21:20:00";"0";"0"
"04/08/2023 21:25:00";"0";"0"
"04/08/2023 21:30:00";"0";"0"
"04/08/2023 21:35:00";"0";"0"
"04/08/2023 21:40:00";"0";"0"
"04/08/2023 21:45:00";"0";"0"
"04/08/2023 21:50:00";"0";"0"
"04/08/2023 21:55:00";"0";"0"
"04/08/2023 22:00:00";"0";"0"
"04/08/2023 22:05:00";"0";"0"
"04/08/2023 22:10:00";"0";"0"
"04/08/2023 22:15:00";"0";"0"
"04/08/2023 22:20:00";"0";"0"
"04/08/2023 22:25:00";"0";"0"
"04/08/2023 22:30:00";"0";"0"
"04/08/2023 22:35:00";"0";"0"
"04/08/2023 22:40:00";"0";"0"
"04/08/2023 22:45:00";"0";"0"
"04/08/2023 22:50:00";"0";"0"
"04/08/2023 22:55:00";"0";"0"
"04/08/2023 23:00:00";"0";"0"
"04/08/2023 23:05:00";"0";"0"
"04/08/2023 23:10:00";"0";"0"
"04/08/2023 23:15:00";"0";"0"
"04/08/2023 23:20:00";"0";"0"
"04/08/2023 23:25:00";"0";"0"
"04/08/2023 23:30:00";"0";"0"
"04/08/2023 23:35:00";"0";"0"
"04/08/2023 23:40:00";"0";"0"
"04/08/2023 23:45:00";"0";"0"
"04/08/2023 23:50:00";"0";"0"
"04/08/2023 23:55:00";"0";"0"
"05/08/2023 00:00:00";"0";"0"
"05/08/2023 00:05:00";"0";"0"
"05/08/2023 00:10:00";"0";"0"
"05/08/2023 00:15:00";"0";"0"
"05/08/2023 00:20:00";"0";"0"
"05/08/2023 00:25:00";"0";"0"
"05/08/2023 00:30:00";"0";"0"
"05/08/2023 00:35:00";"0";"0"
"05/08/2023 00:40:00";"0";"0"
"05/08/2023 00:45:00";"0";"0"
"05/08/2023 00:50:00";"0";"0"
"05/08/2023 00:55:00";"0";"0"
"05/08/2023 01:00:00";"0";"0"
"05/08/2023 01:05:00";"0";"0"
"05/08/2023 01:10:00";"0";"0"
"05/08/2023 01:15:00";"0";"0"
"05/08/2023 01:20:00";"0";"0"
"05/08/2023 01:25:00";"0";"0"
"05/08/2023 01:30:00";"0";"0"
"05/08/2023 01:35:00";"0";"0"
"05/08/2023 01:40:00";"0";"0"
"05/08/2023 01:45:00";"0";"0"
"05/08/2023 01:50:00";"0";"0"
"05/08/2023 01:55:00";"0";"0"
"05/08/2023 02:00:00";"0";"0"
"05/08/2023 02:05:00";"0";"0"
"05/08/2023 02:10:00";"0";"0"
"05/08/2023 02:15:00";"0";"0"
"05/08/2023 02:20:00";"0";"0"
"05/08/2023 02:25:00";"0";"0"
"05/08/2023 02:30:00";"0";"0"
"05/08/2023 02:35:00";"0";"0"
"05/08/2023 02:40:00";"0";"0"
"05/08/2023 02:45:00";"0";"0"
"05/08/2023 02:50:00";"0";"0"
"05/08/2023 02:55:00";"0";"0"
"05/08/2023 03:00:00";"0";"0"
"05/08/2023 03:05:00";"0";"0"
"05/08/2023 03:10:00";"0";"0"
"05/08/2023 03:15:00";"0";"0"
"05/08/2023 03:20:00";"0";"0"
"05/08/2023 03:25:00";"0";"0"
"05/08/2023 03:30:00";"0";"0"
"05/08/2023 03:35:00";"0";"0"
"05/08/2023 03:40:00";"0";"0"
"05/08/2023 03:45:00";"0";"0"
"05/08/2023 03:50:00";"0";"0"
"05/08/2023 03:55:00";"0";"0"
"05/08/2023 04:00:00";"0";"0"
"05/08/2023 04:05:00";"0";"0"
"05/08/2023 04:10:00";"0";"0"
"05/08/2023 04:15:00";"0";"0"
"05/08/2023 04:20:00";"0";"0"
"05/08/2023 04:25:00";"0";"0"
"05/08/2023 04:30:00";"0";"0"
"05/08/2023 04:35:00";"0";"0"
"05/08/2023 04:40:00";"0";"0"
"05/08/2023 04:45:00";"0";"0"
"05/08/2023 04:50:00";"0";"0"
"05/08/2023 04:55:00";"0";"0"
"05/08/2023 05:00:00";"0";"0"
"05/08/2023 05:05:00";"0";"0"
"05/08/2023 05:10:00";"0";"0"
"05/08/2023 05:15:00";"0";"0"
"05/08/2023 05:20:00";"0";"0"
"05/08/2023 05:25:00";"0";"0"
"05/08/2023 05:30:00";"0";"0"
"05/08/2023 05:35:00";"0";"0"
"05/08/2023 05:40:00";"0";"0"
"05/08/2023 05:45:00";"0";"0"
"05/08/2023 05:50:00";"0";"0"
"05/08/2023 05:55:00";"0";"0"
"05/08/2023 06:00:00";"0";"0"
"05/08/2023 06:05:00";"0";"0"
"05/08/2023 06:10:00";"0.275";"0.32"
"05/08/2023 06:15:00";"4.033";"4.434"
"05/08/2023 06:20:00";"6.99";"7.473"
"05/08/2023 06:25:00";"8.311";"8.825"
"05/08/2023 06:30:00";"11.608";"13.105"
"05/08/2023 06:35:00";"18.461";"23.286"
"05/08/2023 06:40:00";"37.991";"35.895"
"05/08/2023 06:45:00";"46.722";"41.803"
"05/08/2023 06:50:00";"33.819";"32.108"
"05/08/2023 06:55:00";"39.606";"37.66"
"05/08/2023 07:00:00";"49.465";"46.037"
"05/08/2023 07:05:00";"66.22";"57.966"
"05/08/2023 07:10:00";"67.506";"61.651"
"05/08/2023 07:15:00";"75.584";"69.116"
"05/08/2023 07:20:00";"84.371";"76.961"
"05/08/2023 07:25:00";"96.432";"85.96"
"05/08/2023 07:30:00";"109.69";"96.39"
"05/08/2023 07:35:00";"120.882";"106.352"
"05/08/2023 07:40:00";"128.586";"114.503"
"05/08/2023 07:45:00";"166.986";"136.272"
"05/08/2023 07:50:00";"151.914";"135.544"
"05/08/2023 07:55:00";"162.634";"146.735"
"05/08/2023 08:00:00";"211.871";"171.585"
"05/08/2023 08:05:00";"186.506";"161.094"
"05/08/2023 08:10:00";"168.507";"156.351"
"05/08/2023 08:15:00";"170.347";"162.848"
"05/08/2023 08:20:00";"167.765";"170.263"
"05/08/2023 08:25:00";"170.393";"181.061"
"05/08/2023 08:30:00";"185.7";"199.203"
"05/08/2023 08:35:00";"224.22";"227.931"
"05/08/2023 08:40:00";"224.782";"236.542"
"05/08/2023 08:45:00";"258.571";"252.969"
"05/08/2023 08:50:00";"312.794";"279.107"
"05/08/2023 08:55:00";"349.311";"300.474"
"05/08/2023 09:00:00";"344.903";"298.534"
"05/08/2023 09:05:00";"270.985";"256.283"
"05/08/2023 09:10:00";"248.488";"244.938"
"05/08/2023 09:15:00";"243.265";"245.842"
"05/08/2023 09:20:00";"239.326";"247.344"
"05/08/2023 09:25:00";"240.354";"251.024"
"05/08/2023 09:30:00";"248.552";"256.035"
"05/08/2023 09:35:00";"244.099";"259.053"
"05/08/2023 09:40:00";"244.08";"261.293"
"05/08/2023 09:45:00";"243.95";"262.721"
"05/08/2023 09:50:00";"244.393";"265.541"
"05/08/2023 09:55:00";"247.011";"270.886"
"05/08/2023 10:00:00";"251.865";"276.69"
"05/08/2023 10:05:00";"254.716";"282.442"
"05/08/2023 10:10:00";"261.339";"291.019"
"05/08/2023 10:15:00";"260.944";"300.319"
"05/08/2023 10:20:00";"271.288";"311.336"
"05/08/2023 10:25:00";"283.208";"320.429"
"05/08/2023 10:30:00";"293.894";"330.22"
"05/08/2023 10:35:00";"306.301";"338.644"
"05/08/2023 10:40:00";"310.529";"344.617"
"05/08/2023 10:45:00";"317.588";"349.893"
"05/08/2023 10:50:00";"323.077";"356.733"
"05/08/2023 10:55:00";"339.158";"371.048"
"05/08/2023 11:00:00";"357.426";"387.782"
"05/08/2023 11:05:00";"378.87";"403.67"
"05/08/2023 11:10:00";"385.467";"407.762"
"05/08/2023 11:15:00";"380.192";"402.272"
"05/08/2023 11:20:00";"380.655";"402.954"
"05/08/2023 11:25:00";"390.907";"411.653"
"05/08/2023 11:30:00";"411.393";"431.805"
"05/08/2023 11:35:00";"443.119";"457.253"
"05/08/2023 11:40:00";"462.572";"474.64"
"05/08/2023 11:45:00";"508.316";"517.91"
"05/08/2023 11:50:00";"531.928";"511.085"
"05/08/2023 11:55:00";"536.735";"562.181"
"05/08/2023 12:00:00";"612.987";"619.143"
"05/08/2023 12:05:00";"674.426";"679.033"
"05/08/2023 12:10:00";"741.176";"746.154"
"05/08/2023 12:15:00";"766.179";"772.975"
"05/08/2023 12:20:00";"808.853";"813.42"
"05/08/2023 12:25:00";"881.984";"888.634"
"05/08/2023 12:30:00";"933.833";"939.909"
"05/08/2023 12:35:00";"959.721";"964.727"
"05/08/2023 12:40:00";"990.229";"997.362"
"05/08/2023 12:45:00";"983.906";"990.408"
"05/08/2023 12:50:00";"1000.965";"1008.915"
"05/08/2023 12:55:00";"1009.226";"1016.934"
"05/08/2023 13:00:00";"1009.173";"1014.426"
"05/08/2023 13:05:00";"1040.54";"1045.063"
"05/08/2023 13:10:00";"1016.551";"1026.109"
"05/08/2023 13:15:00";"1058.898";"1058.155"
"05/08/2023 13:20:00";"1117.32";"1114.628"
"05/08/2023 13:25:00";"1132.734";"1124.382"
"05/08/2023 13:30:00";"1024.702";"1006.837"
"05/08/2023 13:35:00";"1022.28";"1010.916"
"05/08/2023 13:40:00";"1009.971";"992.481"
"05/08/2023 13:45:00";"1108.113";"1088.695"
"05/08/2023 13:50:00";"1105.069";"1079.344"
"05/08/2023 13:55:00";"939.646";"914.004"
"05/08/2023 14:00:00";"1095.769";"1057.059"
"05/08/2023 14:05:00";"1100.614";"1059.221"
"05/08/2023 14:10:00";"1082.535";"1038.713"
"05/08/2023 14:15:00";"579.24";"554.07"
"05/08/2023 14:20:00";"1131.544";"1063.915"
"05/08/2023 14:25:00";"1112.646";"1039.228"
"05/08/2023 14:30:00";"1125.881";"1040.017"
"05/08/2023 14:35:00";"1136.275";"1044.338"
"05/08/2023 14:40:00";"1105.066";"1004.995"
"05/08/2023 14:45:00";"1103.285";"995.369"
"05/08/2023 14:50:00";"1107.833";"988.665"
"05/08/2023 14:55:00";"1096.577";"969.706"
"05/08/2023 15:00:00";"1106.118";"971.662"
"05/08/2023 15:05:00";"1099.007";"958.088"
"05/08/2023 15:10:00";"1130.267";"980.696"
"05/08/2023 15:15:00";"1091.369";"929.74"
"05/08/2023 15:20:00";"1142.482";"951.607"
"05/08/2023 15:25:00";"1120.187";"914.324"
"05/08/2023 15:30:00";"1112.255";"891.595"
"05/08/2023 15:35:00";"1122.331";"899.595"
"05/08/2023 15:40:00";"1135.808";"900.044"
"05/08/2023 15:45:00";"1045.65";"818.299"
"05/08/2023 15:50:00";"1147.31";"874.032"
"05/08/2023 15:55:00";"1115.646";"832.513"
"05/08/2023 16:00:00";"1086.508";"797.325"
"05/08/2023 16:05:00";"1125.22";"819.708"
"05/08/2023 16:10:00";"1137.692";"818.238"
"05/08/2023 16:15:00";"1132.274";"786.695"
"05/08/2023 16:20:00";"718.871";"496.262"
"05/08/2023 16:25:00";"789.12";"528.676"
"05/08/2023 16:30:00";"1086.115";"719.984"
"05/08/2023 16:35:00";"846.984";"562.395"
"05/08/2023 16:40:00";"842.434";"548.614"
"05/08/2023 16:45:00";"1056.756";"670.797"
"05/08/2023 16:50:00";"692.025";"458.948"
"05/08/2023 16:55:00";"774.35";"464.591"
"05/08/2023 17:00:00";"979.895";"560.548"
"05/08/2023 17:05:00";"229.473";"146.548"
"05/08/2023 17:10:00";"980.438";"516.21"
"05/08/2023 17:15:00";"802.168";"411.105"
"05/08/2023 17:20:00";"803.021";"397.078"
"05/08/2023 17:25:00";"903.759";"449.174"
"05/08/2023 17:30:00";"922.49";"442.434"
"05/08/2023 17:35:00";"748.588";"339.284"
"05/08/2023 17:40:00";"471.988";"213.272"
"05/08/2023 17:45:00";"278.144";"126.459"
"05/08/2023 17:50:00";"208.623";"96.417"
"05/08/2023 17:55:00";"735.018";"285.079"
"05/08/2023 18:00:00";"432.728";"185.186"
"05/08/2023 18:05:00";"297.361";"127.904"
"05/08/2023 18:10:00";"479.441";"193.441"
"05/08/2023 18:15:00";"305.166";"130.814"
"05/08/2023 18:20:00";"198.604";"93.11"
"05/08/2023 18:25:00";"302.922";"127.248"
"05/08/2023 18:30:00";"456.323";"179.773"
"05/08/2023 18:35:00";"295.331";"125.156"
"05/08/2023 18:40:00";"143.162";"72.352"
"05/08/2023 18:45:00";"72.872";"46.547"
"05/08/2023 18:50:00";"105.428";"53.584"
"05/08/2023 18:55:00";"50.84";"33.206"
"05/08/2023 19:00:00";"35.227";"25.552"
"05/08/2023 19:05:00";"32.805";"22.05"
"05/08/2023 19:10:00";"66.024";"29.692"
"05/08/2023 19:15:00";"46.338";"22.003"
"05/08/2023 19:20:00";"38.548";"16.796"
"05/08/2023 19:25:00";"14.218";"8.232"
"05/08/2023 19:30:00";"4.922";"3.619"
"05/08/2023 19:35:00";"2.248";"1.572"
"05/08/2023 19:40:00";"0.775";"0.247"
"05/08/2023 19:45:00";"0.009";"0"
"05/08/2023 19:50:00";"0";"0"
"05/08/2023 19:55:00";"0";"0"
"05/08/2023 20:00:00";"0";"0"
"05/08/2023 20:05:00";"0";"0"
"05/08/2023 20:10:00";"0";"0"
"05/08/2023 20:15:00";"0";"0"
"05/08/2023 20:20:00";"0";"0"
"05/08/2023 20:25:00";"0";"0"
"05/08/2023 20:30:00";"0";"0"
"05/08/2023 20:35:00";"0";"0"
"05/08/2023 20:40:00";"0";"0"
"05/08/2023 20:45:00";"0";"0"
"05/08/2023 20:50:00";"0";"0"
"05/08/2023 20:55:00";"0";"0"
"05/08/2023 21:00:00";"0";"0"
"05/08/2023 21:05:00";"0";"0"
"05/08/2023 21:10:00";"0";"0"
"05/08/2023 21:15:00";"0";"0"
"05/08/2023 21:20:00";"0";"0"
"05/08/2023 21:25:00";"0";"0"
"05/08/2023 21:30:00";"0";"0"
"05/08/2023 21:35:00";"0";"0"
"05/08/2023 21:40:00";"0";"0"
"05/08/2023 21:45:00";"0";"0"
"05/08/2023 21:50:00";"0";"0"
"05/08/2023 21:55:00";"0";"0"
"05/08/2023 22:00:00";"0";"0"
"05/08/2023 22:05:00";"0";"0"
"05/08/2023 22:10:00";"0";"0"
"05/08/2023 22:15:00";"0";"0"
"05/08/2023 22:20:00";"0";"0"
"05/08/2023 22:25:00";"0";"0"
"05/08/2023 22:30:00";"0";"0"
"05/08/2023 22:35:00";"0";"0"
"05/08/2023 22:40:00";"0";"0"
"05/08/2023 22:45:00";"0";"0"
"05/08/2023 22:50:00";"0";"0"
"05/08/2023 22:55:00";"0";"0"
"05/08/2023 23:00:00";"0";"0"
"05/08/2023 23:05:00";"0";"0"
"05/08/2023 23:10:00";"0";"0"
"05/08/2023 23:15:00";"0";"0"
"05/08/2023 23:20:00";"0";"0"
"05/08/2023 23:25:00";"0";"0"
"05/08/2023 23:30:00";"0";"0"
"05/08/2023 23:35:00";"0";"0"
"05/08/2023 23:40:00";"0";"0"
"05/08/2023 23:45:00";"0";"0"
"05/08/2023 23:50:00";"0";"0"
"05/08/2023 23:55:00";"0";"0"
"06/08/2023 00:00:00";"0";"0"
"06/08/2023 00:05:00";"0";"0"
"06/08/2023 00:10:00";"0";"0"
"06/08/2023 00:15:00";"0";"0"
"06/08/2023 00:20:00";"0";"0"
"06/08/2023 00:25:00";"0";"0"
"06/08/2023 00:30:00";"0";"0"
"06/08/2023 00:35:00";"0";"0"
"06/08/2023 00:40:00";"0";"0"
"06/08/2023 00:45:00";"0";"0"
"06/08/2023 00:50:00";"0";"0"
"06/08/2023 00:55:00";"0";"0"
"06/08/2023 01:00:00";"0";"0"
"06/08/2023 01:05:00";"0";"0"
"06/08/2023 01:10:00";"0";"0"
"06/08/2023 01:15:00";"0";"0"
"06/08/2023 01:20:00";"0";"0"
"06/08/2023 01:25:00";"0";"0"
"06/08/2023 01:30:00";"0";"0"
"06/08/2023 01:35:00";"0";"0"
"06/08/2023 01:40:00";"0";"0"
"06/08/2023 01:45:00";"0";"0"
"06/08/2023 01:50:00";"0";"0"
"06/08/2023 01:55:00";"0";"0"
"06/08/2023 02:00:00";"0";"0"
"06/08/2023 02:05:00";"0";"0"
"06/08/2023 02:10:00";"0";"0"
"06/08/2023 02:15:00";"0";"0"
"06/08/2023 02:20:00";"0";"0"
"06/08/2023 02:25:00";"0";"0"
"06/08/2023 02:30:00";"0";"0"
"06/08/2023 02:35:00";"0";"0"
"06/08/2023 02:40:00";"0";"0"
"06/08/2023 02:45:00";"0";"0"
"06/08/2023 02:50:00";"0";"0"
"06/08/2023 02:55:00";"0";"0"
"06/08/2023 03:00:00";"0";"0"
"06/08/2023 03:05:00";"0";"0"
"06/08/2023 03:10:00";"0";"0"
"06/08/2023 03:15:00";"0";"0"
"06/08/2023 03:20:00";"0";"0"
"06/08/2023 03:25:00";"0";"0"
"06/08/2023 03:30:00";"0";"0"
"06/08/2023 03:35:00";"0";"0"
"06/08/2023 03:40:00";"0";"0"
"06/08/2023 03:45:00";"0";"0"
"06/08/2023 03:50:00";"0";"0"
"06/08/2023 03:55:00";"0";"0"
"06/08/2023 04:00:00";"0";"0"
"06/08/2023 04:05:00";"0";"0"
"06/08/2023 04:10:00";"0";"0"
"06/08/2023 04:15:00";"0";"0"
"06/08/2023 04:20:00";"0";"0"
"06/08/2023 04:25:00";"0";"0"
"06/08/2023 04:30:00";"0";"0"
"06/08/2023 04:35:00";"0";"0"
"06/08/2023 04:40:00";"0";"0"
"06/08/2023 04:45:00";"0";"0"
"06/08/2023 04:50:00";"0";"0"
"06/08/2023 04:55:00";"0";"0"
"06/08/2023 05:00:00";"0";"0"
"06/08/2023 05:05:00";"0";"0"
"06/08/2023 05:10:00";"0";"0"
"06/08/2023 05:15:00";"0";"0"
"06/08/2023 05:20:00";"0";"0"
"06/08/2023 05:25:00";"0";"0"
"06/08/2023 05:30:00";"0";"0"
"06/08/2023 05:35:00";"0";"0"
"06/08/2023 05:40:00";"0";"0"
"06/08/2023 05:45:00";"0";"0"
"06/08/2023 05:50:00";"0";"0"
"06/08/2023 05:55:00";"0";"0"
"06/08/2023 06:00:00";"0";"0"
"06/08/2023 06:05:00";"0";"0"
"06/08/2023 06:10:00";"0";"0"
"06/08/2023 06:15:00";"0.138";"0.128"
"06/08/2023 06:20:00";"1.618";"1.649"
"06/08/2023 06:25:00";"3.227";"3.228"
"06/08/2023 06:30:00";"5.191";"5.205"
"06/08/2023 06:35:00";"7.172";"7.324"
"06/08/2023 06:40:00";"12.787";"12.326"
"06/08/2023 06:45:00";"44.559";"33.005"
"06/08/2023 06:50:00";"78.709";"54.489"
"06/08/2023 06:55:00";"57.557";"40.017"
"06/08/2023 07:00:00";"111.205";"67.985"
"06/08/2023 07:05:00";"156.706";"87.151"
"06/08/2023 07:10:00";"173.579";"93.056"
"06/08/2023 07:15:00";"69.155";"46.631"
"06/08/2023 07:20:00";"74.358";"49.704"
"06/08/2023 07:25:00";"214.632";"114.004"
"06/08/2023 07:30:00";"426.617";"208.831"
"06/08/2023 07:35:00";"463.906";"224.755"
"06/08/2023 07:40:00";"508.954";"243.367"
"06/08/2023 07:45:00";"567.381";"271.08"
"06/08/2023 07:50:00";"616.659";"295.588"
"06/08/2023 07:55:00";"666.355";"315.623"
"06/08/2023 08:00:00";"703.668";"325.604"
"06/08/2023 08:05:00";"743.968";"340.351"
"06/08/2023 08:10:00";"790.732";"359.383"
"06/08/2023 08:15:00";"842.331";"381.78"
"06/08/2023 08:20:00";"887.765";"402.419"
"06/08/2023 08:25:00";"908.466";"421.984"
"06/08/2023 08:30:00";"921.611";"442.508"
"06/08/2023 08:35:00";"934.977";"464.007"
"06/08/2023 08:40:00";"944.873";"482.76"
"06/08/2023 08:45:00";"954.907";"503.202"
"06/08/2023 08:50:00";"964.006";"521.043"
"06/08/2023 08:55:00";"972.952";"542.239"
"06/08/2023 09:00:00";"980.239";"559.766"
"06/08/2023 09:05:00";"986.649";"579.069"
"06/08/2023 09:10:00";"991.369";"595.678"
"06/08/2023 09:15:00";"999.242";"615.492"
"06/08/2023 09:20:00";"1006.414";"629.261"
"06/08/2023 09:25:00";"1008.077";"645.015"
"06/08/2023 09:30:00";"1014.522";"659.028"
"06/08/2023 09:35:00";"1019.443";"673.45"
"06/08/2023 09:40:00";"1029.498";"694.177"
"06/08/2023 09:45:00";"1034.87";"710.812"
"06/08/2023 09:50:00";"968.152";"726.847"
"06/08/2023 09:55:00";"1035.557";"743.433"
"06/08/2023 10:00:00";"1049.921";"764.128"
"06/08/2023 10:05:00";"1050.118";"780.341"
"06/08/2023 10:10:00";"1052.162";"796.799"
"06/08/2023 10:15:00";"1053.016";"814.048"
"06/08/2023 10:20:00";"1062.584";"837.519"
"06/08/2023 10:25:00";"1062.584";"850.797"
"06/08/2023 10:30:00";"1061.069";"864.126"
"06/08/2023 10:35:00";"1062.198";"878.477"
"06/08/2023 10:40:00";"1063.832";"892.447"
"06/08/2023 10:45:00";"1059.29";"905.918"
"06/08/2023 10:50:00";"1070.183";"921.717"
"06/08/2023 10:55:00";"1069.405";"932.415"
"06/08/2023 11:00:00";"1068.383";"941.826"
"06/08/2023 11:05:00";"1071.644";"953.525"
"06/08/2023 11:10:00";"1072.214";"963.976"
"06/08/2023 11:15:00";"1002.94";"974.623"
"06/08/2023 11:20:00";"1076.503";"986.829"
"06/08/2023 11:25:00";"1074.642";"996.059"
"06/08/2023 11:30:00";"1075.814";"1007.755"
"06/08/2023 11:35:00";"1077.209";"1015.021"
"06/08/2023 11:40:00";"1071.938";"1021.246"
"06/08/2023 11:45:00";"1080.413";"1032.043"
"06/08/2023 11:50:00";"1079.2";"1041.135"
"06/08/2023 11:55:00";"1094.751";"1062.938"
"06/08/2023 12:00:00";"1084.096";"1059.76"
"06/08/2023 12:05:00";"1051.382";"1021.793"
"06/08/2023 12:10:00";"1109.848";"1077.974"
"06/08/2023 12:15:00";"1135.539";"1109.748"
"06/08/2023 12:20:00";"1090.219";"1064.698"
"06/08/2023 12:25:00";"1097.107";"1071.388"
"06/08/2023 12:30:00";"1086.639";"1060.852"
"06/08/2023 12:35:00";"1079.992";"1056.913"
"06/08/2023 12:40:00";"1074.776";"1059.036"
"06/08/2023 12:45:00";"1082.286";"1072.753"
"06/08/2023 12:50:00";"1082.412";"1081.711"
"06/08/2023 12:55:00";"1083.324";"1082.705"
"06/08/2023 13:00:00";"1074.548";"1075.046"
"06/08/2023 13:05:00";"1080.209";"1082.933"
"06/08/2023 13:10:00";"1087.909";"1086.67"
"06/08/2023 13:15:00";"1123.263";"1119.479"
"06/08/2023 13:20:00";"1023.662";"1015.355"
"06/08/2023 13:25:00";"1087.659";"1077.328"
"06/08/2023 13:30:00";"1088.818";"1078.431"
"06/08/2023 13:35:00";"1098.042";"1084.372"
"06/08/2023 13:40:00";"1035.075";"1016.282"
"06/08/2023 13:45:00";"1079.166";"1053.129"
"06/08/2023 13:50:00";"1076.378";"1056.777"
"06/08/2023 13:55:00";"1074.044";"1052.798"
"06/08/2023 14:00:00";"1077.888";"1048.629"
"06/08/2023 14:05:00";"1086.255";"1048.569"
"06/08/2023 14:10:00";"1087.566";"1052.695"
"06/08/2023 14:15:00";"1087.357";"1040.399"
"06/08/2023 14:20:00";"1077.971";"1028.369"
"06/08/2023 14:25:00";"1047.159";"984.526"
"06/08/2023 14:30:00";"1091.675";"1020.302"
"06/08/2023 14:35:00";"937.114";"867.241"
"06/08/2023 14:40:00";"987.086";"899.802"
"06/08/2023 14:45:00";"1117.627";"1012.706"
"06/08/2023 14:50:00";"1109.937";"996.536"
"06/08/2023 14:55:00";"1114.164";"990.344"
"06/08/2023 15:00:00";"1134.416";"999.71"
"06/08/2023 15:05:00";"1140.896";"992.579"
"06/08/2023 15:10:00";"1143.567";"992.686"
"06/08/2023 15:15:00";"1071.184";"932.448"
"06/08/2023 15:20:00";"618.184";"545.139"
"06/08/2023 15:25:00";"499.445";"444.747"
"06/08/2023 15:30:00";"350.691";"310.599"
"06/08/2023 15:35:00";"370.945";"331.24"
"06/08/2023 15:40:00";"428.221";"381.755"
"06/08/2023 15:45:00";"863.203";"707.98"
"06/08/2023 15:50:00";"1253.634";"992.609"
"06/08/2023 15:55:00";"711.771";"570.894"
"06/08/2023 16:00:00";"513.435";"406.655"
"06/08/2023 16:05:00";"874.138";"649.267"
"06/08/2023 16:10:00";"929.192";"672.437"
"06/08/2023 16:15:00";"1006.564";"714.736"
"06/08/2023 16:20:00";"1048.264";"748.066"
"06/08/2023 16:25:00";"1119.819";"772.837"
"06/08/2023 16:30:00";"1107.087";"748.853"
"06/08/2023 16:35:00";"1078.94";"707.666"
"06/08/2023 16:40:00";"1046.513";"667.574"
"06/08/2023 16:45:00";"1031.71";"643.656"
"06/08/2023 16:50:00";"1018.982";"623.432"
"06/08/2023 16:55:00";"1000.709";"600.782"
"06/08/2023 17:00:00";"971.488";"576.042"
"06/08/2023 17:05:00";"940.3";"546.395"
"06/08/2023 17:10:00";"926.336";"527.557"
"06/08/2023 17:15:00";"949.31";"507.108"
"06/08/2023 17:20:00";"971.521";"488.331"
"06/08/2023 17:25:00";"959.118";"471.16"
"06/08/2023 17:30:00";"949.506";"457.817"
"06/08/2023 17:35:00";"860.861";"442.511"
"06/08/2023 17:40:00";"779.33";"424.221"
"06/08/2023 17:45:00";"817.987";"413.208"
"06/08/2023 17:50:00";"907.555";"407.307"
"06/08/2023 17:55:00";"898.783";"396.321"
"06/08/2023 18:00:00";"856.8";"374.99"
"06/08/2023 18:05:00";"804.543";"348.997"
"06/08/2023 18:10:00";"719.035";"313.133"
"06/08/2023 18:15:00";"341.513";"173.39"
"06/08/2023 18:20:00";"205.886";"123.806"
"06/08/2023 18:25:00";"176.388";"111.134"
"06/08/2023 18:30:00";"455.083";"202.242"
"06/08/2023 18:35:00";"441.581";"187.658"
"06/08/2023 18:40:00";"389.996";"162.017"
"06/08/2023 18:45:00";"337.239";"137.13"
"06/08/2023 18:50:00";"272.317";"110.78"
"06/08/2023 18:55:00";"119.7";"57.04"
"06/08/2023 19:00:00";"37.018";"27.41"
"06/08/2023 19:05:00";"35.776";"23.463"
"06/08/2023 19:10:00";"59.031";"27.348"
"06/08/2023 19:15:00";"39.701";"19.643"
"06/08/2023 19:20:00";"11.492";"9.117"
"06/08/2023 19:25:00";"7.061";"5.485"
"06/08/2023 19:30:00";"3.464";"2.613"
"06/08/2023 19:35:00";"1.314";"0.644"
"06/08/2023 19:40:00";"0.092";"0.006"
"06/08/2023 19:45:00";"0";"0"
"06/08/2023 19:50:00";"0";"0"
"06/08/2023 19:55:00";"0";"0"
"06/08/2023 20:00:00";"0";"0"
"06/08/2023 20:05:00";"0";"0"
"06/08/2023 20:10:00";"0";"0"
"06/08/2023 20:15:00";"0";"0"
"06/08/2023 20:20:00";"0";"0"
"06/08/2023 20:25:00";"0";"0"
"06/08/2023 20:30:00";"0";"0"
"06/08/2023 20:35:00";"0";"0"
"06/08/2023 20:40:00";"0";"0"
"06/08/2023 20:45:00";"0";"0"
"06/08/2023 20:50:00";"0";"0"
"06/08/2023 20:55:00";"0";"0"
"06/08/2023 21:00:00";"0";"0"
"06/08/2023 21:05:00";"0";"0"
"06/08/2023 21:10:00";"0";"0"
"06/08/2023 21:15:00";"0";"0"
"06/08/2023 21:20:00";"0";"0"
"06/08/2023 21:25:00";"0";"0"
"06/08/2023 21:30:00";"0";"0"
"06/08/2023 21:35:00";"0";"0"
"06/08/2023 21:40:00";"0";"0"
"06/08/2023 21:45:00";"0";"0"
"06/08/2023 21:50:00";"0";"0"
"06/08/2023 21:55:00";"0";"0"
"06/08/2023 22:00:00";"0";"0"
"06/08/2023 22:05:00";"0";"0"
"06/08/2023 22:10:00";"0";"0"
"06/08/2023 22:15:00";"0";"0"
"06/08/2023 22:20:00";"0";"0"
"06/08/2023 22:25:00";"0";"0"
"06/08/2023 22:30:00";"0";"0"
"06/08/2023 22:35:00";"0";"0"
"06/08/2023 22:40:00";"0";"0"
"06/08/2023 22:45:00";"0";"0"
"06/08/2023 22:50:00";"0";"0"
"06/08/2023 22:55:00";"0";"0"
"06/08/2023 23:00:00";"0";"0"
"06/08/2023 23:05:00";"0";"0"
"06/08/2023 23:10:00";"0";"0"
"06/08/2023 23:15:00";"0";"0"
"06/08/2023 23:20:00";"0";"0"
"06/08/2023 23:25:00";"0";"0"
"06/08/2023 23:30:00";"0";"0"
"06/08/2023 23:35:00";"0";"0"
"06/08/2023 23:40:00";"0";"0"
"06/08/2023 23:45:00";"0";"0"
"06/08/2023 23:50:00";"0";"0"
"06/08/2023 23:55:00";"0";"0"
"07/08/2023 00:00:00";"0";"0"
"07/08/2023 00:05:00";"0";"0"
"07/08/2023 00:10:00";"0";"0"
"07/08/2023 00:15:00";"0";"0"
"07/08/2023 00:20:00";"0";"0"
"07/08/2023 00:25:00";"0";"0"
"07/08/2023 00:30:00";"0";"0"
"07/08/2023 00:35:00";"0";"0"
"07/08/2023 00:40:00";"0";"0"
"07/08/2023 00:45:00";"0";"0"
"07/08/2023 00:50:00";"0";"0"
"07/08/2023 00:55:00";"0";"0"
"07/08/2023 01:00:00";"0";"0"
"07/08/2023 01:05:00";"0";"0"
"07/08/2023 01:10:00";"0";"0"
"07/08/2023 01:15:00";"0";"0"
"07/08/2023 01:20:00";"0";"0"
"07/08/2023 01:25:00";"0";"0"
"07/08/2023 01:30:00";"0";"0"
"07/08/2023 01:35:00";"0";"0"
"07/08/2023 01:40:00";"0";"0"
"07/08/2023 01:45:00";"0";"0"
"07/08/2023 01:50:00";"0";"0"
"07/08/2023 01:55:00";"0";"0"
"07/08/2023 02:00:00";"0";"0"
"07/08/2023 02:05:00";"0";"0"
"07/08/2023 02:10:00";"0";"0"
"07/08/2023 02:15:00";"0";"0"
"07/08/2023 02:20:00";"0";"0"
"07/08/2023 02:25:00";"0";"0"
"07/08/2023 02:30:00";"0";"0"
"07/08/2023 02:35:00";"0";"0"
"07/08/2023 02:40:00";"0";"0"
"07/08/2023 02:45:00";"0";"0"
"07/08/2023 02:50:00";"0";"0"
"07/08/2023 02:55:00";"0";"0"
"07/08/2023 03:00:00";"0";"0"
"07/08/2023 03:05:00";"0";"0"
"07/08/2023 03:10:00";"0";"0"
"07/08/2023 03:15:00";"0";"0"
"07/08/2023 03:20:00";"0";"0"
"07/08/2023 03:25:00";"0";"0"
"07/08/2023 03:30:00";"0";"0"
"07/08/2023 03:35:00";"0";"0"
"07/08/2023 03:40:00";"0";"0"
"07/08/2023 03:45:00";"0";"0"
"07/08/2023 03:50:00";"0";"0"
"07/08/2023 03:55:00";"0";"0"
"07/08/2023 04:00:00";"0";"0"
"07/08/2023 04:05:00";"0";"0"
"07/08/2023 04:10:00";"0";"0"
"07/08/2023 04:15:00";"0";"0"
"07/08/2023 04:20:00";"0";"0"
"07/08/2023 04:25:00";"0";"0"
"07/08/2023 04:30:00";"0";"0"
"07/08/2023 04:35:00";"0";"0"
"07/08/2023 04:40:00";"0";"0"
"07/08/2023 04:45:00";"0";"0"
"07/08/2023 04:50:00";"0";"0"
"07/08/2023 04:55:00";"0";"0"
"07/08/2023 05:00:00";"0";"0"
"07/08/2023 05:05:00";"0";"0"
"07/08/2023 05:10:00";"0";"0"
"07/08/2023 05:15:00";"0";"0"
"07/08/2023 05:20:00";"0";"0"
"07/08/2023 05:25:00";"0";"0"
"07/08/2023 05:30:00";"0";"0"
"07/08/2023 05:35:00";"0";"0"
"07/08/2023 05:40:00";"0";"0"
"07/08/2023 05:45:00";"0";"0"
"07/08/2023 05:50:00";"0";"0"
"07/08/2023 05:55:00";"0";"0"
"07/08/2023 06:00:00";"0";"0"
"07/08/2023 06:05:00";"0";"0"
"07/08/2023 06:10:00";"0.122";"0.221"
"07/08/2023 06:15:00";"1.029";"1.077"
"07/08/2023 06:20:00";"2.355";"2.271"
"07/08/2023 06:25:00";"4.485";"4.422"
"07/08/2023 06:30:00";"7.852";"8.131"
"07/08/2023 06:35:00";"11.983";"13.754"
"07/08/2023 06:40:00";"21.463";"21.082"
"07/08/2023 06:45:00";"31.025";"27.197"
"07/08/2023 06:50:00";"44.395";"35.311"
"07/08/2023 06:55:00";"64.017";"45.356"
"07/08/2023 07:00:00";"110.333";"70.449"
"07/08/2023 07:05:00";"150.728";"92.901"
"07/08/2023 07:10:00";"162.339";"94.887"
"07/08/2023 07:15:00";"221.99";"123.315"
"07/08/2023 07:20:00";"267.937";"143.438"
"07/08/2023 07:25:00";"316.937";"162.441"
"07/08/2023 07:30:00";"368.265";"184.473"
"07/08/2023 07:35:00";"416.357";"205.087"
"07/08/2023 07:40:00";"474.815";"230.004"
"07/08/2023 07:45:00";"523.129";"250.48"
"07/08/2023 07:50:00";"563.35";"268.2"
"07/08/2023 07:55:00";"605.075";"285.06"
"07/08/2023 08:00:00";"651.142";"303.788"
"07/08/2023 08:05:00";"681.546";"315.489"
"07/08/2023 08:10:00";"737.889";"341.201"
"07/08/2023 08:15:00";"790.192";"363.212"
"07/08/2023 08:20:00";"846.471";"389.035"
"07/08/2023 08:25:00";"870.894";"410.594"
"07/08/2023 08:30:00";"889.971";"432.373"
"07/08/2023 08:35:00";"915.253";"458.229"
"07/08/2023 08:40:00";"924.501";"475.891"
"07/08/2023 08:45:00";"937.166";"494.835"
"07/08/2023 08:50:00";"953.053";"517.723"
"07/08/2023 08:55:00";"960.84";"535.681"
"07/08/2023 09:00:00";"976.648";"558.28"
"07/08/2023 09:05:00";"987.163";"579.906"
"07/08/2023 09:10:00";"993.957";"597.344"
"07/08/2023 09:15:00";"1001.537";"616.72"
"07/08/2023 09:20:00";"999.246";"625.938"
"07/08/2023 09:25:00";"1013.461";"645.532"
"07/08/2023 09:30:00";"1020.894";"661.159"
"07/08/2023 09:35:00";"1024.237";"676.981"
"07/08/2023 09:40:00";"1026.595";"691.439"
"07/08/2023 09:45:00";"1028.656";"706.536"
"07/08/2023 09:50:00";"1027.745";"719.404"
"07/08/2023 09:55:00";"1032.164";"736.954"
"07/08/2023 10:00:00";"1040.322";"753.242"
"07/08/2023 10:05:00";"1037.152";"770.227"
"07/08/2023 10:10:00";"1040.951";"789.047"
"07/08/2023 10:15:00";"1037.242";"802.896"
"07/08/2023 10:20:00";"1046.983";"826.107"
"07/08/2023 10:25:00";"1054.664";"842.326"
"07/08/2023 10:30:00";"1057.024";"856.271"
"07/08/2023 10:35:00";"1059.11";"871.861"
"07/08/2023 10:40:00";"1065.656";"890.153"
"07/08/2023 10:45:00";"1066.637";"901.343"
"07/08/2023 10:50:00";"1070.56";"916.038"
"07/08/2023 10:55:00";"1067.524";"925.473"
"07/08/2023 11:00:00";"1069.199";"938.225"
"07/08/2023 11:05:00";"1075.296";"951.608"
"07/08/2023 11:10:00";"1076.439";"964.677"
"07/08/2023 11:15:00";"1075.077";"975.236"
"07/08/2023 11:20:00";"1070.221";"982.27"
"07/08/2023 11:25:00";"1064.507";"987.808"
"07/08/2023 11:30:00";"1068.327";"1002.854"
"07/08/2023 11:35:00";"1054.789";"999.07"
"07/08/2023 11:40:00";"1063.762";"1015.912"
"07/08/2023 11:45:00";"1066.282";"1022.508"
"07/08/2023 11:50:00";"1071.922";"1039.528"
"07/08/2023 11:55:00";"1063.729";"1035.761"
"07/08/2023 12:00:00";"1075.487";"1040.154"
"07/08/2023 12:05:00";"1077.176";"1048.048"
"07/08/2023 12:10:00";"1086.895";"1056.788"
"07/08/2023 12:15:00";"1085.254";"1051.198"
"07/08/2023 12:20:00";"1084.858";"1051.72"
"07/08/2023 12:25:00";"1090.491";"1057.915"
"07/08/2023 12:30:00";"1081.572";"1052.977"
"07/08/2023 12:35:00";"1074.578";"1049.819"
"07/08/2023 12:40:00";"1071.345";"1051.698"
"07/08/2023 12:45:00";"1083.187";"1069.162"
"07/08/2023 12:50:00";"1101.04";"1095.879"
"07/08/2023 12:55:00";"988.806";"978.402"
"07/08/2023 13:00:00";"1121.451";"1122.315"
"07/08/2023 13:05:00";"1118.168";"1116.91"
"07/08/2023 13:10:00";"1100.718";"1099.913"
"07/08/2023 13:15:00";"1129.944";"1127.513"
"07/08/2023 13:20:00";"1166.019";"1161.666"
"07/08/2023 13:25:00";"1149.708";"1138.734"
"07/08/2023 13:30:00";"1126.685";"1111.289"
"07/08/2023 13:35:00";"1142.388";"1124.809"
"07/08/2023 13:40:00";"840.862";"830.452"
"07/08/2023 13:45:00";"1163.057";"1134.701"
"07/08/2023 13:50:00";"1081.403";"1052.073"
"07/08/2023 13:55:00";"1163.609";"1126.19"
"07/08/2023 14:00:00";"988.713";"953.925"
"07/08/2023 14:05:00";"1147.292";"1102.109"
"07/08/2023 14:10:00";"1151.449";"1099.538"
"07/08/2023 14:15:00";"1127.151";"1072.777"
"07/08/2023 14:20:00";"1143.763";"1085.284"
"07/08/2023 14:25:00";"943.358";"878.344"
"07/08/2023 14:30:00";"738.86";"694.781"
"07/08/2023 14:35:00";"1128.442";"1033.728"
"07/08/2023 14:40:00";"1131.265";"1026.082"
"07/08/2023 14:45:00";"1119.252";"1003.759"
"07/08/2023 14:50:00";"1127.033";"999.78"
"07/08/2023 14:55:00";"1130.646";"999.184"
"07/08/2023 15:00:00";"1100.524";"960.239"
"07/08/2023 15:05:00";"1113.218";"958.561"
"07/08/2023 15:10:00";"971.347";"832.345"
"07/08/2023 15:15:00";"1122.77";"952.553"
"07/08/2023 15:20:00";"1142.265";"951.878"
"07/08/2023 15:25:00";"1133.271";"930.502"
"07/08/2023 15:30:00";"1062.096";"865.042"
"07/08/2023 15:35:00";"1106.239";"890.444"
"07/08/2023 15:40:00";"1125.828";"892.062"
"07/08/2023 15:45:00";"1123.934";"873.779"
"07/08/2023 15:50:00";"1131.713";"866.194"
"07/08/2023 15:55:00";"1061.398";"796.743"
"07/08/2023 16:00:00";"1104.986";"828.669"
"07/08/2023 16:05:00";"1111.427";"834.614"
"07/08/2023 16:10:00";"1114.206";"836.019"
"07/08/2023 16:15:00";"1129.576";"827.457"
"07/08/2023 16:20:00";"301.482";"268.615"
"07/08/2023 16:25:00";"662.076";"508.262"
"07/08/2023 16:30:00";"450.713";"359.328"
"07/08/2023 16:35:00";"210.696";"184.762"
"07/08/2023 16:40:00";"195.281";"164.724"
"07/08/2023 16:45:00";"197.804";"156.859"
"07/08/2023 16:50:00";"1043.408";"640.869"
"07/08/2023 16:55:00";"842.024";"520.062"
"07/08/2023 17:00:00";"446.65";"289.896"
"07/08/2023 17:05:00";"466.696";"293.289"
"07/08/2023 17:10:00";"172.394";"135.839"
"07/08/2023 17:15:00";"139.895";"112.643"
"07/08/2023 17:20:00";"254.694";"166.454"
"07/08/2023 17:25:00";"90.734";"80.562"
"07/08/2023 17:30:00";"81.402";"71.402"
"07/08/2023 17:35:00";"149.843";"94.434"
"07/08/2023 17:40:00";"553.753";"255.637"
"07/08/2023 17:45:00";"369.224";"170.65"
"07/08/2023 17:50:00";"536.913";"222.783"
"07/08/2023 17:55:00";"778.182";"304.915"
"07/08/2023 18:00:00";"753.719";"295.11"
"07/08/2023 18:05:00";"462.489";"260.862"
"07/08/2023 18:10:00";"540.727";"254.546"
"07/08/2023 18:15:00";"566.535";"236.439"
"07/08/2023 18:20:00";"552.797";"216.635"
"07/08/2023 18:25:00";"498.5";"193.085"
"07/08/2023 18:30:00";"346.438";"149.626"
"07/08/2023 18:35:00";"111.624";"59.299"
"07/08/2023 18:40:00";"42.52";"34.51"
"07/08/2023 18:45:00";"37.25";"30.42"
"07/08/2023 18:50:00";"28.283";"24.832"
"07/08/2023 18:55:00";"22.21";"19.664"
"07/08/2023 19:00:00";"17.415";"15.758"
"07/08/2023 19:05:00";"13.61";"12.631"
"07/08/2023 19:10:00";"10.548";"9.541"
"07/08/2023 19:15:00";"8.329";"7.614"
"07/08/2023 19:20:00";"5.66";"4.954"
"07/08/2023 19:25:00";"3.719";"3.042"
"07/08/2023 19:30:00";"1.835";"1.204"
"07/08/2023 19:35:00";"0.205";"0.065"
"07/08/2023 19:40:00";"0";"0"
"07/08/2023 19:45:00";"0";"0"
"07/08/2023 19:50:00";"0";"0"
"07/08/2023 19:55:00";"0";"0"
"07/08/2023 20:00:00";"0";"0"
"07/08/2023 20:05:00";"0";"0"
"07/08/2023 20:10:00";"0";"0"
"07/08/2023 20:15:00";"0";"0"
"07/08/2023 20:20:00";"0";"0"
"07/08/2023 20:25:00";"0";"0"
"07/08/2023 20:30:00";"0";"0"
"07/08/2023 20:35:00";"0";"0"
"07/08/2023 20:40:00";"0";"0"
"07/08/2023 20:45:00";"0";"0"
"07/08/2023 20:50:00";"0";"0"
"07/08/2023 20:55:00";"0";"0"
"07/08/2023 21:00:00";"0";"0"
"07/08/2023 21:05:00";"0";"0"
"07/08/2023 21:10:00";"0";"0"
"07/08/2023 21:15:00";"0";"0"
"07/08/2023 21:20:00";"0";"0"
"07/08/2023 21:25:00";"0";"0"
"07/08/2023 21:30:00";"0";"0"
"07/08/2023 21:35:00";"0";"0"
"07/08/2023 21:40:00";"0";"0"
"07/08/2023 21:45:00";"0";"0"
"07/08/2023 21:50:00";"0";"0"
"07/08/2023 21:55:00";"0";"0"
"07/08/2023 22:00:00";"0";"0"
"07/08/2023 22:05:00";"0";"0"
"07/08/2023 22:10:00";"0";"0"
"07/08/2023 22:15:00";"0";"0"
"07/08/2023 22:20:00";"0";"0"
"07/08/2023 22:25:00";"0";"0"
"07/08/2023 22:30:00";"0";"0"
"07/08/2023 22:35:00";"0";"0"
"07/08/2023 22:40:00";"0";"0"
"07/08/2023 22:45:00";"0";"0"
"07/08/2023 22:50:00";"0";"0"
"07/08/2023 22:55:00";"0";"0"
"07/08/2023 23:00:00";"0";"0"
"07/08/2023 23:05:00";"0";"0"
"07/08/2023 23:10:00";"0";"0"
"07/08/2023 23:15:00";"0";"0"
"07/08/2023 23:20:00";"0";"0"
"07/08/2023 23:25:00";"0";"0"
"07/08/2023 23:30:00";"0";"0"
"07/08/2023 23:35:00";"0";"0"
"07/08/2023 23:40:00";"0";"0"
"07/08/2023 23:45:00";"0";"0"
"07/08/2023 23:50:00";"0";"0"
"07/08/2023 23:55:00";"0";"0"
"08/08/2023 00:00:00";"0";"0"
