Datetime,IS20-MS-01 -  Irradiation - Horizontal Pyranometer(W/m2),IS20-MS-01 -  Irradiation - Tilted Pyranometer (W/m2)
2023-08-13 00:00:00,0,0
2023-08-13 00:05:00,0,0
2023-08-13 00:10:00,0,0
2023-08-13 00:15:00,0,0
2023-08-13 00:20:00,0,0
2023-08-13 00:25:00,0,0
2023-08-13 00:30:00,0,0
2023-08-13 00:35:00,0.4,0.2
2023-08-13 00:40:00,0.2,0.2
2023-08-13 00:45:00,0,0.4
2023-08-13 00:50:00,0,0
2023-08-13 00:55:00,0,0
2023-08-13 01:00:00,0,0
2023-08-13 01:05:00,0,0
2023-08-13 01:10:00,0,0
2023-08-13 01:15:00,0,0
2023-08-13 01:20:00,0,0
2023-08-13 01:25:00,0,0
2023-08-13 01:30:00,0,0
2023-08-13 01:35:00,0,0
2023-08-13 01:40:00,0,0
2023-08-13 01:45:00,0,0
2023-08-13 01:50:00,0,0
2023-08-13 01:55:00,0,0
2023-08-13 02:00:00,0,0
2023-08-13 02:05:00,0,0
2023-08-13 02:10:00,0,0
2023-08-13 02:15:00,0,0
2023-08-13 02:20:00,0,0
2023-08-13 02:25:00,0,0
2023-08-13 02:30:00,0,0
2023-08-13 02:35:00,0,0
2023-08-13 02:40:00,0,0
2023-08-13 02:45:00,0,0
2023-08-13 02:50:00,0,0
2023-08-13 02:55:00,0,0
2023-08-13 03:00:00,0,0
2023-08-13 03:05:00,0,0
2023-08-13 03:10:00,0,0
2023-08-13 03:15:00,0,0
2023-08-13 03:20:00,0,0
2023-08-13 03:25:00,0,0
2023-08-13 03:30:00,0,0
2023-08-13 03:35:00,0,0
2023-08-13 03:40:00,0,0
2023-08-13 03:45:00,0,0
2023-08-13 03:50:00,0,0
2023-08-13 03:55:00,0,0
2023-08-13 04:00:00,0,0
2023-08-13 04:05:00,0,0
2023-08-13 04:10:00,0,0
2023-08-13 04:15:00,0,0
2023-08-13 04:20:00,0,0
2023-08-13 04:25:00,0,0
2023-08-13 04:30:00,0,0
2023-08-13 04:35:00,0,0
2023-08-13 04:40:00,0,0
2023-08-13 04:45:00,0,0
2023-08-13 04:50:00,0,0
2023-08-13 04:55:00,0,0
2023-08-13 05:00:00,0,0
2023-08-13 05:05:00,0,0
2023-08-13 05:10:00,0,0
2023-08-13 05:15:00,0,0
2023-08-13 05:20:00,0,0
2023-08-13 05:25:00,0,0
2023-08-13 05:30:00,0,0
2023-08-13 05:35:00,0,0
2023-08-13 05:40:00,0,0
2023-08-13 05:45:00,0,0
2023-08-13 05:50:00,0,0
2023-08-13 05:55:00,0,0
2023-08-13 06:00:00,0,0
2023-08-13 06:05:00,0,0
2023-08-13 06:10:00,0,0.4
2023-08-13 06:15:00,1,1.6
2023-08-13 06:20:00,2.6,2.8
2023-08-13 06:25:00,5.2,5.4
2023-08-13 06:30:00,11.2,10.8
2023-08-13 06:35:00,27.4,25.4
2023-08-13 06:40:00,43.4,43.6
2023-08-13 06:45:00,62.6,70.4
2023-08-13 06:50:00,80.2,95.4
2023-08-13 06:55:00,96.2,110.8
2023-08-13 07:00:00,114.8,145.6
2023-08-13 07:05:00,135.6,180.6
2023-08-13 07:10:00,160,210.6
2023-08-13 07:15:00,175.4,233.8
2023-08-13 07:20:00,201.6,276
2023-08-13 07:25:00,222.2,316.6
2023-08-13 07:30:00,238.2,358
2023-08-13 07:35:00,257,403.2
2023-08-13 07:40:00,274.2,444.8
2023-08-13 07:45:00,291,473.4
2023-08-13 07:50:00,309.2,503.4
2023-08-13 07:55:00,327.8,576.4
2023-08-13 08:00:00,344.6,617
2023-08-13 08:05:00,362.2,655.8
2023-08-13 08:10:00,380.4,706.6
2023-08-13 08:15:00,402.8,770
2023-08-13 08:20:00,421.2,829
2023-08-13 08:25:00,441.4,839.4
2023-08-13 08:30:00,465.6,866.2
2023-08-13 08:35:00,483.4,878.6
2023-08-13 08:40:00,500.6,912.2
2023-08-13 08:45:00,522.4,910.8
2023-08-13 08:50:00,548.6,902
2023-08-13 08:55:00,567.8,870
2023-08-13 09:00:00,587.2,784.4
2023-08-13 09:05:00,605.4,969.6
2023-08-13 09:10:00,628.6,987.8
2023-08-13 09:15:00,643.6,1000.2
2023-08-13 09:20:00,661.2,1038.8
2023-08-13 09:25:00,678.8,1034.6
2023-08-13 09:30:00,693,895.2
2023-08-13 09:35:00,717,1027.6
2023-08-13 09:40:00,725,1022.4
2023-08-13 09:45:00,749.6,1038.4
2023-08-13 09:50:00,752.8,1028.8
2023-08-13 09:55:00,772.2,1040.2
2023-08-13 10:00:00,791.2,1049
2023-08-13 10:05:00,809.6,1055.2
2023-08-13 10:10:00,825.6,1059.4
2023-08-13 10:15:00,823.8,1043.2
2023-08-13 10:20:00,847.2,1056.8
2023-08-13 10:25:00,861.6,1067.4
2023-08-13 10:30:00,878.6,1071.8
2023-08-13 10:35:00,891,1070.8
2023-08-13 10:40:00,905.2,1070.4
2023-08-13 10:45:00,917,1068.8
2023-08-13 10:50:00,929,1072.4
2023-08-13 10:55:00,942.6,1076.2
2023-08-13 11:00:00,952,1070.4
2023-08-13 11:05:00,965,1068.4
2023-08-13 11:10:00,979,1074
2023-08-13 11:15:00,983.2,1067.2
2023-08-13 11:20:00,986.8,1065.6
2023-08-13 11:25:00,1003.6,1077.6
2023-08-13 11:30:00,1007,1071
2023-08-13 11:35:00,1019.6,1074.6
2023-08-13 11:40:00,1028.4,1076.2
2023-08-13 11:45:00,1026.8,1068.4
2023-08-13 11:50:00,1040.8,1078.4
2023-08-13 11:55:00,1043.4,1072.2
2023-08-13 12:00:00,1055.6,1081
2023-08-13 12:05:00,1060,1079.2
2023-08-13 12:10:00,1055.2,1068.8
2023-08-13 12:15:00,1055.4,1065.8
2023-08-13 12:20:00,1067.6,1074
2023-08-13 12:25:00,1069,1072
2023-08-13 12:30:00,1068.2,1069
2023-08-13 12:35:00,1074.2,1073.2
2023-08-13 12:40:00,1070.8,1070.6
2023-08-13 12:45:00,1090.8,1087.2
2023-08-13 12:50:00,1092,1094.8
2023-08-13 12:55:00,1097,1095.8
2023-08-13 13:00:00,1092,1090.6
2023-08-13 13:05:00,1111.8,1108
2023-08-13 13:10:00,1131,1131.4
2023-08-13 13:15:00,1123.4,1116
2023-08-13 13:20:00,1152.6,1160
2023-08-13 13:25:00,1093,1102.8
2023-08-13 13:30:00,946.8,943.2
2023-08-13 13:35:00,627.6,629.8
2023-08-13 13:40:00,249,245.4
2023-08-13 13:45:00,277,288.8
2023-08-13 13:50:00,1146.6,1181.2
2023-08-13 13:55:00,946.2,970.8
2023-08-13 14:00:00,1124.8,1172.8
2023-08-13 14:05:00,1146.4,1192.6
2023-08-13 14:10:00,925,958
2023-08-13 14:15:00,732.6,803
2023-08-13 14:20:00,1084,1162
2023-08-13 14:25:00,648.4,702.6
2023-08-13 14:30:00,313.6,342.2
2023-08-13 14:35:00,880,968.4
2023-08-13 14:40:00,780.6,856.6
2023-08-13 14:45:00,897.6,996.2
2023-08-13 14:50:00,887.6,968.2
2023-08-13 14:55:00,743.6,827.8
2023-08-13 15:00:00,887.6,1034.4
2023-08-13 15:05:00,518.2,608.2
2023-08-13 15:10:00,730.6,893.4
2023-08-13 15:15:00,808,976.8
2023-08-13 15:20:00,771.8,948.6
2023-08-13 15:25:00,740.6,932.4
2023-08-13 15:30:00,765.8,969.8
2023-08-13 15:35:00,874.4,1110.4
2023-08-13 15:40:00,873.8,1127.2
2023-08-13 15:45:00,852.6,1119.2
2023-08-13 15:50:00,420,553.6
2023-08-13 15:55:00,96.6,125.2
2023-08-13 16:00:00,615.4,865.2
2023-08-13 16:05:00,733,1047.6
2023-08-13 16:10:00,710.8,1028
2023-08-13 16:15:00,588.2,871.8
2023-08-13 16:20:00,542.8,805.2
2023-08-13 16:25:00,654,1005.2
2023-08-13 16:30:00,631.8,971
2023-08-13 16:35:00,611.4,975.4
2023-08-13 16:40:00,589.2,953.6
2023-08-13 16:45:00,572,953.8
2023-08-13 16:50:00,549.4,932.8
2023-08-13 16:55:00,530.6,920.2
2023-08-13 17:00:00,510,904.8
2023-08-13 17:05:00,491,891.6
2023-08-13 17:10:00,474,881.2
2023-08-13 17:15:00,451,927.2
2023-08-13 17:20:00,430.8,931.8
2023-08-13 17:25:00,409.4,915.8
2023-08-13 17:30:00,386.2,895.2
2023-08-13 17:35:00,365.4,868
2023-08-13 17:40:00,343.6,843.8
2023-08-13 17:45:00,326.6,840.8
2023-08-13 17:50:00,312.2,798.4
2023-08-13 17:55:00,300.4,760.4
2023-08-13 18:00:00,289.4,717.6
2023-08-13 18:05:00,275.2,681.6
2023-08-13 18:10:00,244.6,616.4
2023-08-13 18:15:00,221,556.6
2023-08-13 18:20:00,195.6,493
2023-08-13 18:25:00,137.8,335.8
2023-08-13 18:30:00,56,90.2
2023-08-13 18:35:00,104.2,230.8
2023-08-13 18:40:00,110.2,260.4
2023-08-13 18:45:00,55.2,102.4
2023-08-13 18:50:00,39,63
2023-08-13 18:55:00,31.2,49.6
2023-08-13 19:00:00,28.2,52.4
2023-08-13 19:05:00,23.4,47.6
2023-08-13 19:10:00,13.4,23
2023-08-13 19:15:00,5.2,6
2023-08-13 19:20:00,2.2,2.8
2023-08-13 19:25:00,0.2,0.8
2023-08-13 19:30:00,0,0
2023-08-13 19:35:00,0,0
2023-08-13 19:40:00,0,0
2023-08-13 19:45:00,0,0
2023-08-13 19:50:00,0,0
2023-08-13 19:55:00,0,0
2023-08-13 20:00:00,0,0
2023-08-13 20:05:00,0,0
2023-08-13 20:10:00,0,0
2023-08-13 20:15:00,0,0
2023-08-13 20:20:00,0,0
2023-08-13 20:25:00,0,0
2023-08-13 20:30:00,0,0
2023-08-13 20:35:00,0,0
2023-08-13 20:40:00,0,0
2023-08-13 20:45:00,0,0
2023-08-13 20:50:00,0,0
2023-08-13 20:55:00,0,0
2023-08-13 21:00:00,0,0
2023-08-13 21:05:00,0,0
2023-08-13 21:10:00,0,0
2023-08-13 21:15:00,0,0
2023-08-13 21:20:00,0,0
2023-08-13 21:25:00,0,0
2023-08-13 21:30:00,0,0
2023-08-13 21:35:00,0,0
2023-08-13 21:40:00,0,0
2023-08-13 21:45:00,0,0
2023-08-13 21:50:00,0,0
2023-08-13 21:55:00,0,0
2023-08-13 22:00:00,0,0
2023-08-13 22:05:00,0,0
2023-08-13 22:10:00,0,0
2023-08-13 22:15:00,0,0
2023-08-13 22:20:00,0,0
2023-08-13 22:25:00,0,0
2023-08-13 22:30:00,0,0
2023-08-13 22:35:00,0,0
2023-08-13 22:40:00,0,0
2023-08-13 22:45:00,0,0
2023-08-13 22:50:00,0,0
2023-08-13 22:55:00,0,0
2023-08-13 23:00:00,0,0
2023-08-13 23:05:00,0,0
2023-08-13 23:10:00,0,0
2023-08-13 23:15:00,0,0
2023-08-13 23:20:00,0,0
2023-08-13 23:25:00,0,0
2023-08-13 23:30:00,0,0
2023-08-13 23:35:00,0,0
2023-08-13 23:40:00,0,0
2023-08-13 23:45:00,0,0
2023-08-13 23:50:00,0,0
2023-08-13 23:55:00,0,0
2023-08-14 00:00:00,0,0
2023-08-14 00:05:00,0,0
2023-08-14 00:10:00,0,0
2023-08-14 00:15:00,0,0
2023-08-14 00:20:00,0,0
2023-08-14 00:25:00,0,0
2023-08-14 00:30:00,0,0
2023-08-14 00:35:00,0,0
2023-08-14 00:40:00,0,0
2023-08-14 00:45:00,0,0
2023-08-14 00:50:00,0,0
2023-08-14 00:55:00,0,0
2023-08-14 01:00:00,0,0
2023-08-14 01:05:00,0,0
2023-08-14 01:10:00,0,0
2023-08-14 01:15:00,0,0
2023-08-14 01:20:00,0,0
2023-08-14 01:25:00,0,0
2023-08-14 01:30:00,0,0
2023-08-14 01:35:00,0,0
2023-08-14 01:40:00,0,0
2023-08-14 01:45:00,0,0
2023-08-14 01:50:00,0,0
2023-08-14 01:55:00,0,0
2023-08-14 02:00:00,0,0
2023-08-14 02:05:00,0,0
2023-08-14 02:10:00,0,0
2023-08-14 02:15:00,0,0
2023-08-14 02:20:00,0,0
2023-08-14 02:25:00,0,0
2023-08-14 02:30:00,0,0
2023-08-14 02:35:00,0,0
2023-08-14 02:40:00,0,0
2023-08-14 02:45:00,0,0
2023-08-14 02:50:00,0,0
2023-08-14 02:55:00,0,0
2023-08-14 03:00:00,0,0
2023-08-14 03:05:00,0,0
2023-08-14 03:10:00,0,0
2023-08-14 03:15:00,0,0
2023-08-14 03:20:00,0,0
2023-08-14 03:25:00,0,0
2023-08-14 03:30:00,0,0
2023-08-14 03:35:00,0,0
2023-08-14 03:40:00,0,0
2023-08-14 03:45:00,0,0
2023-08-14 03:50:00,0,0
2023-08-14 03:55:00,0,0
2023-08-14 04:00:00,0,0
2023-08-14 04:05:00,0,0
2023-08-14 04:10:00,0,0
2023-08-14 04:15:00,0,0
2023-08-14 04:20:00,0,0
2023-08-14 04:25:00,0,0
2023-08-14 04:30:00,0,0
2023-08-14 04:35:00,0,0
2023-08-14 04:40:00,0,0
2023-08-14 04:45:00,0,0
2023-08-14 04:50:00,0,0
2023-08-14 04:55:00,0,0
2023-08-14 05:00:00,0,0
2023-08-14 05:05:00,0,0
2023-08-14 05:10:00,0,0
2023-08-14 05:15:00,0,0
2023-08-14 05:20:00,0,0
2023-08-14 05:25:00,0,0
2023-08-14 05:30:00,0,0
2023-08-14 05:35:00,0,0
2023-08-14 05:40:00,0,0
2023-08-14 05:45:00,0,0
2023-08-14 05:50:00,0,0
2023-08-14 05:55:00,0,0
2023-08-14 06:00:00,0,0
2023-08-14 06:05:00,0,0
2023-08-14 06:10:00,0,0
2023-08-14 06:15:00,0.6,0.6
2023-08-14 06:20:00,2,2.2
2023-08-14 06:25:00,4.4,4.6
2023-08-14 06:30:00,10.6,10.4
2023-08-14 06:35:00,18.4,18.6
2023-08-14 06:40:00,27.8,32.2
2023-08-14 06:45:00,38.4,54.2
2023-08-14 06:50:00,46.6,66.6
2023-08-14 06:55:00,45.8,62.8
2023-08-14 07:00:00,42.8,54.2
2023-08-14 07:05:00,67.6,104.6
2023-08-14 07:10:00,122.8,219.4
2023-08-14 07:15:00,142.6,270.2
2023-08-14 07:20:00,162.2,318.6
2023-08-14 07:25:00,183.4,362
2023-08-14 07:30:00,202.4,406.2
2023-08-14 07:35:00,222.2,451.8
2023-08-14 07:40:00,269.2,525.4
2023-08-14 07:45:00,213.6,346.4
2023-08-14 07:50:00,159.6,238.2
2023-08-14 07:55:00,251.4,426.6
2023-08-14 08:00:00,293,574.2
2023-08-14 08:05:00,308.2,628.6
2023-08-14 08:10:00,243,447.2
2023-08-14 08:15:00,434,842.4
2023-08-14 08:20:00,467.2,942.2
2023-08-14 08:25:00,465.8,937.4
2023-08-14 08:30:00,453,913.8
2023-08-14 08:35:00,459.4,874
2023-08-14 08:40:00,508.4,952.8
2023-08-14 08:45:00,528.4,960.8
2023-08-14 08:50:00,545.8,904.4
2023-08-14 08:55:00,564.8,917.6
2023-08-14 09:00:00,581.4,894
2023-08-14 09:05:00,597.2,796.6
2023-08-14 09:10:00,613.8,953.6
2023-08-14 09:15:00,637.4,972.2
2023-08-14 09:20:00,649.4,977.2
2023-08-14 09:25:00,675,991.2
2023-08-14 09:30:00,704,1032
2023-08-14 09:35:00,483.4,672.4
2023-08-14 09:40:00,700.4,949.4
2023-08-14 09:45:00,793.4,1058.8
2023-08-14 09:50:00,846.8,1119.2
2023-08-14 09:55:00,763.8,1011.2
2023-08-14 10:00:00,724.4,929.6
2023-08-14 10:05:00,672,835.6
2023-08-14 10:10:00,902.2,1112
2023-08-14 10:15:00,877,1079.6
2023-08-14 10:20:00,777,948.2
2023-08-14 10:25:00,796.6,945.4
2023-08-14 10:30:00,930.8,1103.6
2023-08-14 10:35:00,850.4,986.4
2023-08-14 10:40:00,870,1009.4
2023-08-14 10:45:00,844.6,942.2
2023-08-14 10:50:00,988.6,1116.2
2023-08-14 10:55:00,708.6,775.8
2023-08-14 11:00:00,1063.4,1155.2
2023-08-14 11:05:00,466.6,457.2
2023-08-14 11:10:00,989,1047.8
2023-08-14 11:15:00,561.2,539.4
2023-08-14 11:20:00,590.4,610
2023-08-14 11:25:00,730,762.4
2023-08-14 11:30:00,750,791.4
2023-08-14 11:35:00,1221,1263.2
2023-08-14 11:40:00,677.8,677
2023-08-14 11:45:00,645.4,643.2
2023-08-14 11:50:00,1053.2,1039.2
2023-08-14 11:55:00,1111.8,1125.4
2023-08-14 12:00:00,753.4,785.6
2023-08-14 12:05:00,1249.6,1246.8
2023-08-14 12:10:00,612.4,596.8
2023-08-14 12:15:00,718.4,691.6
2023-08-14 12:20:00,688.8,679.4
2023-08-14 12:25:00,719.6,714.8
2023-08-14 12:30:00,804.8,826.4
2023-08-14 12:35:00,922.2,920.8
2023-08-14 12:40:00,1274.6,1269.2
2023-08-14 12:45:00,929,931.8
2023-08-14 12:50:00,338.6,338.2
2023-08-14 12:55:00,1307.4,1292.6
2023-08-14 13:00:00,1220.6,1224
2023-08-14 13:05:00,608.2,599.8
2023-08-14 13:10:00,1017.2,1012.2
2023-08-14 13:15:00,1187.4,1189.8
2023-08-14 13:20:00,1072.8,1077.2
2023-08-14 13:25:00,1281.2,1292.4
2023-08-14 13:30:00,648.4,650.4
2023-08-14 13:35:00,694.8,729.2
2023-08-14 13:40:00,1052,1074.2
2023-08-14 13:45:00,892,910.6
2023-08-14 13:50:00,939.8,956.4
2023-08-14 13:55:00,938.8,965
2023-08-14 14:00:00,1100.8,1109.2
2023-08-14 14:05:00,989.4,1043.6
2023-08-14 14:10:00,978.2,1025.6
2023-08-14 14:15:00,967.4,1025.6
2023-08-14 14:20:00,866.8,928.8
2023-08-14 14:25:00,893.6,963
2023-08-14 14:30:00,1073.4,1175.4
2023-08-14 14:35:00,1043.2,1154.6
2023-08-14 14:40:00,1011,1128.4
2023-08-14 14:45:00,877.6,990.6
2023-08-14 14:50:00,972.6,1117
2023-08-14 14:55:00,963,1111.6
2023-08-14 15:00:00,983,1149.4
2023-08-14 15:05:00,938.2,1111.4
2023-08-14 15:10:00,929.2,1118.4
2023-08-14 15:15:00,851,1046.6
2023-08-14 15:20:00,872.8,1082
2023-08-14 15:25:00,868,1087.8
2023-08-14 15:30:00,735.2,938.2
2023-08-14 15:35:00,821,1068.2
2023-08-14 15:40:00,807.2,1064
2023-08-14 15:45:00,783.6,1049.8
2023-08-14 15:50:00,775.6,1049.2
2023-08-14 15:55:00,773.2,1057
2023-08-14 16:00:00,694.4,971.4
2023-08-14 16:05:00,603.8,875.8
2023-08-14 16:10:00,713.8,1036.8
2023-08-14 16:15:00,679.4,1007
2023-08-14 16:20:00,679,1015.4
2023-08-14 16:25:00,663.2,1000.8
2023-08-14 16:30:00,651.8,989.8
2023-08-14 16:35:00,627.4,979.2
2023-08-14 16:40:00,603,962
2023-08-14 16:45:00,584.2,946.6
2023-08-14 16:50:00,336.2,515.2
2023-08-14 16:55:00,561.8,944.2
2023-08-14 17:00:00,539.8,916.2
2023-08-14 17:05:00,443,767.8
2023-08-14 17:10:00,492.6,883.6
2023-08-14 17:15:00,468.8,855.6
2023-08-14 17:20:00,461.2,843.6
2023-08-14 17:25:00,469.4,862.2
2023-08-14 17:30:00,288.2,538.2
2023-08-14 17:35:00,220.6,293.2
2023-08-14 17:40:00,357.4,760.4
2023-08-14 17:45:00,238.2,534
2023-08-14 17:50:00,289.6,672.2
2023-08-14 17:55:00,275.8,660.8
2023-08-14 18:00:00,259,650.8
2023-08-14 18:05:00,240.2,603.8
2023-08-14 18:10:00,212.4,537.4
2023-08-14 18:15:00,158,397.8
2023-08-14 18:20:00,176.6,456.2
2023-08-14 18:25:00,156,405.4
2023-08-14 18:30:00,112.8,276.6
2023-08-14 18:35:00,83.6,182.6
2023-08-14 18:40:00,77.4,175
2023-08-14 18:45:00,52.4,106.2
2023-08-14 18:50:00,39.4,67
2023-08-14 18:55:00,26,37.2
2023-08-14 19:00:00,18.2,22.2
2023-08-14 19:05:00,13,15.2
2023-08-14 19:10:00,8.8,10
2023-08-14 19:15:00,4.6,5
2023-08-14 19:20:00,1.4,2
2023-08-14 19:25:00,0,0.4
2023-08-14 19:30:00,0,0
2023-08-14 19:35:00,0,0
2023-08-14 19:40:00,0,0
2023-08-14 19:45:00,0,0
2023-08-14 19:50:00,0,0
2023-08-14 19:55:00,0,0
2023-08-14 20:00:00,0,0
2023-08-14 20:05:00,0,0
2023-08-14 20:10:00,0,0
2023-08-14 20:15:00,0,0
2023-08-14 20:20:00,0,0
2023-08-14 20:25:00,0,0
2023-08-14 20:30:00,0,0
2023-08-14 20:35:00,0,0
2023-08-14 20:40:00,0,0
2023-08-14 20:45:00,0,0
2023-08-14 20:50:00,0,0
2023-08-14 20:55:00,0,0
2023-08-14 21:00:00,0,0
2023-08-14 21:05:00,0,0
2023-08-14 21:10:00,0,0
2023-08-14 21:15:00,0,0
2023-08-14 21:20:00,0,0
2023-08-14 21:25:00,0,0
2023-08-14 21:30:00,0,0
2023-08-14 21:35:00,0,0
2023-08-14 21:40:00,0,0
2023-08-14 21:45:00,0,0
2023-08-14 21:50:00,0,0
2023-08-14 21:55:00,0,0
2023-08-14 22:00:00,0,0
2023-08-14 22:05:00,0,0
2023-08-14 22:10:00,0,0
2023-08-14 22:15:00,0,0
2023-08-14 22:20:00,0,0
2023-08-14 22:25:00,0,0
2023-08-14 22:30:00,0,0
2023-08-14 22:35:00,0,0
2023-08-14 22:40:00,0,0
2023-08-14 22:45:00,0,0
2023-08-14 22:50:00,0,0
2023-08-14 22:55:00,0,0
2023-08-14 23:00:00,0,0
2023-08-14 23:05:00,0,0
2023-08-14 23:10:00,0,0
2023-08-14 23:15:00,0,0
2023-08-14 23:20:00,0,0
2023-08-14 23:25:00,0,0
2023-08-14 23:30:00,0,0
2023-08-14 23:35:00,0,0
2023-08-14 23:40:00,0,0
2023-08-14 23:45:00,0,0
2023-08-14 23:50:00,0,0
2023-08-14 23:55:00,0,0
2023-08-15 00:00:00,0,0
2023-08-15 00:05:00,0,0
2023-08-15 00:10:00,0,0
2023-08-15 00:15:00,0,0
2023-08-15 00:20:00,0,0
2023-08-15 00:25:00,0,0
2023-08-15 00:30:00,0,0
2023-08-15 00:35:00,0,0
2023-08-15 00:40:00,0,0
2023-08-15 00:45:00,0,0
2023-08-15 00:50:00,0,0
2023-08-15 00:55:00,0,0
2023-08-15 01:00:00,0,0
2023-08-15 01:05:00,0,0
2023-08-15 01:10:00,0,0
2023-08-15 01:15:00,0,0
2023-08-15 01:20:00,0,0
2023-08-15 01:25:00,0,0
2023-08-15 01:30:00,0,0
2023-08-15 01:35:00,0,0
2023-08-15 01:40:00,0,0
2023-08-15 01:45:00,0,0
2023-08-15 01:50:00,0,0
2023-08-15 01:55:00,0,0
2023-08-15 02:00:00,0,0
2023-08-15 02:05:00,0,0
2023-08-15 02:10:00,0,0
2023-08-15 02:15:00,0,0
2023-08-15 02:20:00,0,0
2023-08-15 02:25:00,0,0
2023-08-15 02:30:00,0,0
2023-08-15 02:35:00,0,0
2023-08-15 02:40:00,0,0
2023-08-15 02:45:00,0,0
2023-08-15 02:50:00,0,0
2023-08-15 02:55:00,0,0
2023-08-15 03:00:00,0,0
2023-08-15 03:05:00,0,0
2023-08-15 03:10:00,0,0
2023-08-15 03:15:00,0,0
2023-08-15 03:20:00,0,0
2023-08-15 03:25:00,0,0
2023-08-15 03:30:00,0,0
2023-08-15 03:35:00,0,0
2023-08-15 03:40:00,0,0
2023-08-15 03:45:00,0,0
2023-08-15 03:50:00,0,0
2023-08-15 03:55:00,0,0
2023-08-15 04:00:00,0,0
2023-08-15 04:05:00,0,0
2023-08-15 04:10:00,0,0
2023-08-15 04:15:00,0,0
2023-08-15 04:20:00,0,0
2023-08-15 04:25:00,0,0
2023-08-15 04:30:00,0,0
2023-08-15 04:35:00,0,0
2023-08-15 04:40:00,0,0
2023-08-15 04:45:00,0,0
2023-08-15 04:50:00,0,0
2023-08-15 04:55:00,0,0
2023-08-15 05:00:00,0,0
2023-08-15 05:05:00,0,0
2023-08-15 05:10:00,0,0
2023-08-15 05:15:00,0,0
2023-08-15 05:20:00,0,0
2023-08-15 05:25:00,0,0
2023-08-15 05:30:00,0,0
2023-08-15 05:35:00,0,0
2023-08-15 05:40:00,0,0
2023-08-15 05:45:00,0,0
2023-08-15 05:50:00,0,0
2023-08-15 05:55:00,0,0
2023-08-15 06:00:00,0,0
2023-08-15 06:05:00,0,0
2023-08-15 06:10:00,0.4,0.4
2023-08-15 06:15:00,2,2
2023-08-15 06:20:00,4,3.8
2023-08-15 06:25:00,6.2,5.4
2023-08-15 06:30:00,10.2,9.2
2023-08-15 06:35:00,12.8,12.4
2023-08-15 06:40:00,19.8,20.6
2023-08-15 06:45:00,29.2,32.2
2023-08-15 06:50:00,45.2,54.6
2023-08-15 06:55:00,71.6,95.2
2023-08-15 07:00:00,81,113.6
2023-08-15 07:05:00,98.2,140.2
2023-08-15 07:10:00,137.6,211.6
2023-08-15 07:15:00,118.2,164.8
2023-08-15 07:20:00,96,107.6
2023-08-15 07:25:00,110.6,125
2023-08-15 07:30:00,123.4,140.8
2023-08-15 07:35:00,136.6,155
2023-08-15 07:40:00,154.4,178
2023-08-15 07:45:00,179.6,218
2023-08-15 07:50:00,216,292.6
2023-08-15 07:55:00,197.2,251.8
2023-08-15 08:00:00,185.2,227.6
2023-08-15 08:05:00,192,235
2023-08-15 08:10:00,201.6,250.6
2023-08-15 08:15:00,203.4,266.6
2023-08-15 08:20:00,234,341.2
2023-08-15 08:25:00,305.8,466.6
2023-08-15 08:30:00,309,430.2
2023-08-15 08:35:00,434.2,641.2
2023-08-15 08:40:00,583,917.6
2023-08-15 08:45:00,587.2,920
2023-08-15 08:50:00,641,983.8
2023-08-15 08:55:00,559.2,797.8
2023-08-15 09:00:00,594.8,836.4
2023-08-15 09:05:00,602.6,845.2
2023-08-15 09:10:00,520.8,692.8
2023-08-15 09:15:00,639.8,880
2023-08-15 09:20:00,656.6,919.6
2023-08-15 09:25:00,631.4,883
2023-08-15 09:30:00,609.6,840
2023-08-15 09:35:00,611.4,833.2
2023-08-15 09:40:00,651.2,879.2
2023-08-15 09:45:00,686.8,918.6
2023-08-15 09:50:00,729.8,969.2
2023-08-15 09:55:00,790.8,1035
2023-08-15 10:00:00,846,1085.4
2023-08-15 10:05:00,838.4,1045.6
2023-08-15 10:10:00,905.6,1111
2023-08-15 10:15:00,869.2,1075.4
2023-08-15 10:20:00,876.4,1078.2
2023-08-15 10:25:00,845,1027.4
2023-08-15 10:30:00,845.4,1012.8
2023-08-15 10:35:00,840.6,991.8
2023-08-15 10:40:00,852.2,990.6
2023-08-15 10:45:00,905.8,1036.4
2023-08-15 10:50:00,932.2,1056.4
2023-08-15 10:55:00,956.4,1070
2023-08-15 11:00:00,1001,1106.4
2023-08-15 11:05:00,981.4,1070.4
2023-08-15 11:10:00,814.8,878.8
2023-08-15 11:15:00,958.4,1029.2
2023-08-15 11:20:00,965.2,1032
2023-08-15 11:25:00,985.4,1042.8
2023-08-15 11:30:00,1017,1070.6
2023-08-15 11:35:00,1038.2,1087.8
2023-08-15 11:40:00,1013,1050.4
2023-08-15 11:45:00,1021.6,1055.8
2023-08-15 11:50:00,1038.8,1066.2
2023-08-15 11:55:00,1078.8,1102.4
2023-08-15 12:00:00,1072.4,1089.6
2023-08-15 12:05:00,1044.2,1055.6
2023-08-15 12:10:00,1035.6,1040.2
2023-08-15 12:15:00,1108,1115.4
2023-08-15 12:20:00,1115.8,1118.6
2023-08-15 12:25:00,1112.8,1115.6
2023-08-15 12:30:00,1081,1081.4
2023-08-15 12:35:00,1123.4,1124.6
2023-08-15 12:40:00,1117.2,1115.2
2023-08-15 12:45:00,1119.2,1119.6
2023-08-15 12:50:00,1114,1111
2023-08-15 12:55:00,1109.4,1105
2023-08-15 13:00:00,1104.4,1103.8
2023-08-15 13:05:00,1103.2,1104.4
2023-08-15 13:10:00,1094.6,1096
2023-08-15 13:15:00,1098,1102.8
2023-08-15 13:20:00,1101,1108.2
2023-08-15 13:25:00,1048.6,1059
2023-08-15 13:30:00,1089.8,1105.4
2023-08-15 13:35:00,1073.8,1091
2023-08-15 13:40:00,1073,1095
2023-08-15 13:45:00,1054,1080.6
2023-08-15 13:50:00,1056.6,1091
2023-08-15 13:55:00,1050.8,1091.6
2023-08-15 14:00:00,1036.2,1084.4
2023-08-15 14:05:00,1030,1085.8
2023-08-15 14:10:00,1017,1081.8
2023-08-15 14:15:00,1012,1085.2
2023-08-15 14:20:00,1006.6,1088.8
2023-08-15 14:25:00,997.2,1087.4
2023-08-15 14:30:00,987,1085.2
2023-08-15 14:35:00,979.4,1088
2023-08-15 14:40:00,975,1093.4
2023-08-15 14:45:00,964.4,1093.2
2023-08-15 14:50:00,961.6,1100.6
2023-08-15 14:55:00,947.6,1097.4
2023-08-15 15:00:00,875,1022.4
2023-08-15 15:05:00,934,1100.8
2023-08-15 15:10:00,835.6,984.2
2023-08-15 15:15:00,798.4,961.6
2023-08-15 15:20:00,869,1054.2
2023-08-15 15:25:00,911.8,1096.4
2023-08-15 15:30:00,506.4,612.6
2023-08-15 15:35:00,463,550.8
2023-08-15 15:40:00,496,597.6
2023-08-15 15:45:00,567.8,689.6
2023-08-15 15:50:00,438.4,524.8
2023-08-15 15:55:00,274,294.6
2023-08-15 16:00:00,460.6,557.4
2023-08-15 16:05:00,292.4,317.6
2023-08-15 16:10:00,276.8,292
2023-08-15 16:15:00,326.4,338.4
2023-08-15 16:20:00,378.8,426
2023-08-15 16:25:00,399.6,480.8
2023-08-15 16:30:00,278.6,322.4
2023-08-15 16:35:00,216.2,230.6
2023-08-15 16:40:00,235.6,261.4
2023-08-15 16:45:00,338.2,453.4
2023-08-15 16:50:00,223.6,287.6
2023-08-15 16:55:00,183.2,225
2023-08-15 17:00:00,170.2,197.8
2023-08-15 17:05:00,198,247.4
2023-08-15 17:10:00,241.4,344.8
2023-08-15 17:15:00,359.8,587
2023-08-15 17:20:00,388.8,625.8
2023-08-15 17:25:00,200.4,242.6
2023-08-15 17:30:00,168.4,185.6
2023-08-15 17:35:00,140.8,146.4
2023-08-15 17:40:00,128.2,130.8
2023-08-15 17:45:00,122.8,132
2023-08-15 17:50:00,108.6,123.2
2023-08-15 17:55:00,95.6,112.6
2023-08-15 18:00:00,80.8,103.4
2023-08-15 18:05:00,78.8,108.8
2023-08-15 18:10:00,87,147.2
2023-08-15 18:15:00,81.6,141
2023-08-15 18:20:00,153.8,353.8
2023-08-15 18:25:00,148,348.4
2023-08-15 18:30:00,126,294.8
2023-08-15 18:35:00,107.4,246.2
2023-08-15 18:40:00,91.2,201.4
2023-08-15 18:45:00,74.2,157.4
2023-08-15 18:50:00,57.8,114.2
2023-08-15 18:55:00,41,73.6
2023-08-15 19:00:00,23,28.6
2023-08-15 19:05:00,15.8,20
2023-08-15 19:10:00,10,11
2023-08-15 19:15:00,5.4,6
2023-08-15 19:20:00,2.8,3.2
2023-08-15 19:25:00,0.6,0.6
2023-08-15 19:30:00,0,0
2023-08-15 19:35:00,0,0
2023-08-15 19:40:00,0,0
2023-08-15 19:45:00,0,0
2023-08-15 19:50:00,0,0
2023-08-15 19:55:00,0,0
2023-08-15 20:00:00,0,0
2023-08-15 20:05:00,0,0
2023-08-15 20:10:00,0,0
2023-08-15 20:15:00,0,0
2023-08-15 20:20:00,0,0
2023-08-15 20:25:00,0,0
2023-08-15 20:30:00,0,0
2023-08-15 20:35:00,0,0
2023-08-15 20:40:00,0,0
2023-08-15 20:45:00,0,0
2023-08-15 20:50:00,0,0
2023-08-15 20:55:00,0,0
2023-08-15 21:00:00,0,0
2023-08-15 21:05:00,0,0
2023-08-15 21:10:00,0,0
2023-08-15 21:15:00,0,0
2023-08-15 21:20:00,0,0
2023-08-15 21:25:00,0,0
2023-08-15 21:30:00,0,0
2023-08-15 21:35:00,0,0
2023-08-15 21:40:00,0,0
2023-08-15 21:45:00,0,0
2023-08-15 21:50:00,0,0
2023-08-15 21:55:00,0,0
2023-08-15 22:00:00,0,0
2023-08-15 22:05:00,0,0
2023-08-15 22:10:00,0,0
2023-08-15 22:15:00,0,0
2023-08-15 22:20:00,0,0
2023-08-15 22:25:00,0,0
2023-08-15 22:30:00,0,0
2023-08-15 22:35:00,0,0
2023-08-15 22:40:00,0,0
2023-08-15 22:45:00,0,0
2023-08-15 22:50:00,0,0
2023-08-15 22:55:00,0,0
2023-08-15 23:00:00,0,0
2023-08-15 23:05:00,0,0
2023-08-15 23:10:00,0,0
2023-08-15 23:15:00,0,0
2023-08-15 23:20:00,0,0
2023-08-15 23:25:00,0,0
2023-08-15 23:30:00,0,0
2023-08-15 23:35:00,0,0
2023-08-15 23:40:00,0,0
2023-08-15 23:45:00,0,0
2023-08-15 23:50:00,0,0
2023-08-15 23:55:00,0,0
2023-08-16 00:00:00,0,0
2023-08-16 00:05:00,0,0
2023-08-16 00:10:00,0,0
2023-08-16 00:15:00,0,0
2023-08-16 00:20:00,0,0
2023-08-16 00:25:00,0,0
2023-08-16 00:30:00,0,0
2023-08-16 00:35:00,0,0
2023-08-16 00:40:00,0,0
2023-08-16 00:45:00,0,0
2023-08-16 00:50:00,0,0
2023-08-16 00:55:00,0,0
2023-08-16 01:00:00,0,0
2023-08-16 01:05:00,0,0
2023-08-16 01:10:00,0,0
2023-08-16 01:15:00,0,0
2023-08-16 01:20:00,0,0
2023-08-16 01:25:00,0,0
2023-08-16 01:30:00,0,0
2023-08-16 01:35:00,0,0
2023-08-16 01:40:00,0,0
2023-08-16 01:45:00,0,0
2023-08-16 01:50:00,0,0
2023-08-16 01:55:00,0,0
2023-08-16 02:00:00,0,0
2023-08-16 02:05:00,0,0
2023-08-16 02:10:00,0,0
2023-08-16 02:15:00,0,0
2023-08-16 02:20:00,0,0
2023-08-16 02:25:00,0,0
2023-08-16 02:30:00,0,0
2023-08-16 02:35:00,0,0
2023-08-16 02:40:00,0,0
2023-08-16 02:45:00,0,0
2023-08-16 02:50:00,0,0
2023-08-16 02:55:00,0,0
2023-08-16 03:00:00,0,0
2023-08-16 03:05:00,0,0
2023-08-16 03:10:00,0,0
2023-08-16 03:15:00,0,0
2023-08-16 03:20:00,0,0
2023-08-16 03:25:00,0,0
2023-08-16 03:30:00,0,0
2023-08-16 03:35:00,0,0
2023-08-16 03:40:00,0,0
2023-08-16 03:45:00,0,0
2023-08-16 03:50:00,0,0
2023-08-16 03:55:00,0,0
2023-08-16 04:00:00,0,0
2023-08-16 04:05:00,0,0
2023-08-16 04:10:00,0,0
2023-08-16 04:15:00,0,0
2023-08-16 04:20:00,0,0
2023-08-16 04:25:00,0,0
2023-08-16 04:30:00,0,0
2023-08-16 04:35:00,0,0
2023-08-16 04:40:00,0,0
2023-08-16 04:45:00,0,0
2023-08-16 04:50:00,0,0
2023-08-16 04:55:00,0,0
2023-08-16 05:00:00,0,0
2023-08-16 05:05:00,0,0
2023-08-16 05:10:00,0,0
2023-08-16 05:15:00,0,0
2023-08-16 05:20:00,0,0
2023-08-16 05:25:00,0,0
2023-08-16 05:30:00,0,0
2023-08-16 05:35:00,0,0
2023-08-16 05:40:00,0,0
2023-08-16 05:45:00,0,0
2023-08-16 05:50:00,0,0
2023-08-16 05:55:00,0,0
2023-08-16 06:00:00,0,0
2023-08-16 06:05:00,0,0
2023-08-16 06:10:00,0.2,0
2023-08-16 06:15:00,1.4,0.6
2023-08-16 06:20:00,3.4,2.2
2023-08-16 06:25:00,4.4,4
2023-08-16 06:30:00,11.2,10
2023-08-16 06:35:00,22.6,19.2
2023-08-16 06:40:00,35.2,36.6
2023-08-16 06:45:00,49.4,57.8
2023-08-16 06:50:00,65.2,81.2
2023-08-16 06:55:00,80.2,106
2023-08-16 07:00:00,96.8,136
2023-08-16 07:05:00,114,166.6
2023-08-16 07:10:00,130.2,194.2
2023-08-16 07:15:00,146.2,227.6
2023-08-16 07:20:00,165.2,265.4
2023-08-16 07:25:00,183.2,299
2023-08-16 07:30:00,204.2,334.4
2023-08-16 07:35:00,229.8,371.2
2023-08-16 07:40:00,261.4,412.8
2023-08-16 07:45:00,306.4,447
2023-08-16 07:50:00,340.8,484.4
2023-08-16 07:55:00,360.4,529.4
2023-08-16 08:00:00,369,560.6
2023-08-16 08:05:00,387.8,610.4
2023-08-16 08:10:00,402.2,643.8
2023-08-16 08:15:00,416.2,715.8
2023-08-16 08:20:00,429.2,793.2
2023-08-16 08:25:00,444.4,808.2
2023-08-16 08:30:00,459.8,815.2
2023-08-16 08:35:00,479.2,847
2023-08-16 08:40:00,498,899.6
2023-08-16 08:45:00,518.6,972.6
2023-08-16 08:50:00,538.4,985
2023-08-16 08:55:00,554.6,990
2023-08-16 09:00:00,578.8,982
2023-08-16 09:05:00,598.2,955
2023-08-16 09:10:00,619.2,995.4
2023-08-16 09:15:00,636.6,1001.6
2023-08-16 09:20:00,654.8,1029.4
2023-08-16 09:25:00,673.2,1034.6
2023-08-16 09:30:00,691.6,1038.2
2023-08-16 09:35:00,711.4,1019
2023-08-16 09:40:00,731.6,1023.2
2023-08-16 09:45:00,746,1037.4
2023-08-16 09:50:00,761.6,1045.8
2023-08-16 09:55:00,778,1058.4
2023-08-16 10:00:00,795,1055.2
2023-08-16 10:05:00,812,1058.4
2023-08-16 10:10:00,825.4,1059.6
2023-08-16 10:15:00,838.8,1065.8
2023-08-16 10:20:00,850.6,1067.6
2023-08-16 10:25:00,866.4,1072.4
2023-08-16 10:30:00,879.2,1073.6
2023-08-16 10:35:00,894,1075.4
2023-08-16 10:40:00,906.8,1074.8
2023-08-16 10:45:00,922.8,1080.6
2023-08-16 10:50:00,934,1078.4
2023-08-16 10:55:00,944.4,1075.4
2023-08-16 11:00:00,963.4,1082.6
2023-08-16 11:05:00,969.6,1073.6
2023-08-16 11:10:00,977,1076
2023-08-16 11:15:00,991.6,1083.2
2023-08-16 11:20:00,1002,1085
2023-08-16 11:25:00,1004.6,1076.4
2023-08-16 11:30:00,1020.8,1086.8
2023-08-16 11:35:00,1030,1086.2
2023-08-16 11:40:00,1034.2,1083.2
2023-08-16 11:45:00,1038.4,1079.8
2023-08-16 11:50:00,1049.8,1086.8
2023-08-16 11:55:00,1052.4,1081.4
2023-08-16 12:00:00,1061.2,1086.4
2023-08-16 12:05:00,1059.8,1078.4
2023-08-16 12:10:00,1067.8,1084.4
2023-08-16 12:15:00,1068.2,1081.2
2023-08-16 12:20:00,1076.6,1086.6
2023-08-16 12:25:00,1075.4,1083.4
2023-08-16 12:30:00,1081.4,1083.8
2023-08-16 12:35:00,1077,1078.4
2023-08-16 12:40:00,1076.6,1076.4
2023-08-16 12:45:00,1075.8,1073.4
2023-08-16 12:50:00,1078,1072.8
2023-08-16 12:55:00,1082.2,1080.2
2023-08-16 13:00:00,1073.8,1072
2023-08-16 13:05:00,1080.6,1079
2023-08-16 13:10:00,1070,1072.4
2023-08-16 13:15:00,1073.4,1076.6
2023-08-16 13:20:00,1072,1076.8
2023-08-16 13:25:00,1065.4,1074
2023-08-16 13:30:00,1068.6,1081.6
2023-08-16 13:35:00,1057.4,1072.2
2023-08-16 13:40:00,1055.4,1076
2023-08-16 13:45:00,1053.2,1080.6
2023-08-16 13:50:00,1038.6,1071
2023-08-16 13:55:00,1031.4,1069.6
2023-08-16 14:00:00,1029.8,1074.8
2023-08-16 14:05:00,1014.6,1068.8
2023-08-16 14:10:00,1013.6,1076.4
2023-08-16 14:15:00,1009.2,1078.4
2023-08-16 14:20:00,995.4,1072.4
2023-08-16 14:25:00,983,1068.8
2023-08-16 14:30:00,972.6,1066.4
2023-08-16 14:35:00,969.8,1073.2
2023-08-16 14:40:00,954.6,1066.6
2023-08-16 14:45:00,929.8,1052.4
2023-08-16 14:50:00,929.2,1064
2023-08-16 14:55:00,923.4,1068.2
2023-08-16 15:00:00,904.6,1061.4
2023-08-16 15:05:00,909.6,1080.2
2023-08-16 15:10:00,823.8,991
2023-08-16 15:15:00,872,1067.4
2023-08-16 15:20:00,857.6,1063.4
2023-08-16 15:25:00,845.4,1070.2
2023-08-16 15:30:00,837.8,1078.4
2023-08-16 15:35:00,821,1067.2
2023-08-16 15:40:00,813.4,1064.2
2023-08-16 15:45:00,803,1068.6
2023-08-16 15:50:00,689,927
2023-08-16 15:55:00,780,1072.8
2023-08-16 16:00:00,755.4,1049.2
2023-08-16 16:05:00,737,1036.8
2023-08-16 16:10:00,723.4,1038.8
2023-08-16 16:15:00,713.8,1040.2
2023-08-16 16:20:00,689.2,1029.6
2023-08-16 16:25:00,386,554.4
2023-08-16 16:30:00,631.8,989.2
2023-08-16 16:35:00,604.6,956.4
2023-08-16 16:40:00,587.8,959.8
2023-08-16 16:45:00,564.2,939.8
2023-08-16 16:50:00,278.2,460.4
2023-08-16 16:55:00,346.8,592.8
2023-08-16 17:00:00,500.6,887.4
2023-08-16 17:05:00,485,881
2023-08-16 17:10:00,459.8,859.4
2023-08-16 17:15:00,437.8,837.6
2023-08-16 17:20:00,413.6,813.4
2023-08-16 17:25:00,393.6,795.2
2023-08-16 17:30:00,369.4,766.2
2023-08-16 17:35:00,347.8,744.4
2023-08-16 17:40:00,323,713.4
2023-08-16 17:45:00,301.6,691
2023-08-16 17:50:00,283.4,670.2
2023-08-16 17:55:00,262.6,644.2
2023-08-16 18:00:00,243.6,616.2
2023-08-16 18:05:00,223,495
2023-08-16 18:10:00,199,460
2023-08-16 18:15:00,179.8,456.8
2023-08-16 18:20:00,162,413.4
2023-08-16 18:25:00,142,362.2
2023-08-16 18:30:00,121,301.2
2023-08-16 18:35:00,103,253
2023-08-16 18:40:00,85.2,206
2023-08-16 18:45:00,67.4,158
2023-08-16 18:50:00,52.2,115
2023-08-16 18:55:00,38,76.4
2023-08-16 19:00:00,25.2,46
2023-08-16 19:05:00,15.4,23.4
2023-08-16 19:10:00,8.4,10
2023-08-16 19:15:00,4,4.6
2023-08-16 19:20:00,1.4,1.6
2023-08-16 19:25:00,0,0
2023-08-16 19:30:00,0,0
2023-08-16 19:35:00,0,0
2023-08-16 19:40:00,0,0
2023-08-16 19:45:00,0,0
2023-08-16 19:50:00,0,0
2023-08-16 19:55:00,0,0
2023-08-16 20:00:00,0,0
2023-08-16 20:05:00,0,0
2023-08-16 20:10:00,0,0
2023-08-16 20:15:00,0,0
2023-08-16 20:20:00,0,0
2023-08-16 20:25:00,0,0
2023-08-16 20:30:00,0,0
2023-08-16 20:35:00,0,0
2023-08-16 20:40:00,0,0
2023-08-16 20:45:00,0,0
2023-08-16 20:50:00,0,0
2023-08-16 20:55:00,0,0
2023-08-16 21:00:00,0,0
2023-08-16 21:05:00,0,0
2023-08-16 21:10:00,0,0
2023-08-16 21:15:00,0,0
2023-08-16 21:20:00,0,0
2023-08-16 21:25:00,0,0
2023-08-16 21:30:00,0,0
2023-08-16 21:35:00,0,0
2023-08-16 21:40:00,0,0
2023-08-16 21:45:00,0,0
2023-08-16 21:50:00,0,0
2023-08-16 21:55:00,0,0
2023-08-16 22:00:00,0,0
2023-08-16 22:05:00,0,0
2023-08-16 22:10:00,0,0
2023-08-16 22:15:00,0,0
2023-08-16 22:20:00,0,0
2023-08-16 22:25:00,0,0
2023-08-16 22:30:00,0,0
2023-08-16 22:35:00,0,0
2023-08-16 22:40:00,0,0
2023-08-16 22:45:00,0,0
2023-08-16 22:50:00,0,0
2023-08-16 22:55:00,0,0
2023-08-16 23:00:00,0,0
2023-08-16 23:05:00,0,0
2023-08-16 23:10:00,0,0
2023-08-16 23:15:00,0,0
2023-08-16 23:20:00,0,0
2023-08-16 23:25:00,0,0
2023-08-16 23:30:00,0,0
2023-08-16 23:35:00,0,0
2023-08-16 23:40:00,0,0
2023-08-16 23:45:00,0,0
2023-08-16 23:50:00,0,0
2023-08-16 23:55:00,0,0
2023-08-17 00:00:00,0,0
2023-08-17 00:05:00,0,0
2023-08-17 00:10:00,0,0
2023-08-17 00:15:00,0,0
2023-08-17 00:20:00,0,0
2023-08-17 00:25:00,0,0
2023-08-17 00:30:00,0,0
2023-08-17 00:35:00,0,0
2023-08-17 00:40:00,0,0
2023-08-17 00:45:00,0,0
2023-08-17 00:50:00,0,0
2023-08-17 00:55:00,0,0
2023-08-17 01:00:00,0,0
2023-08-17 01:05:00,0,0
2023-08-17 01:10:00,0,0
2023-08-17 01:15:00,0,0
2023-08-17 01:20:00,0,0
2023-08-17 01:25:00,0,0
2023-08-17 01:30:00,0,0
2023-08-17 01:35:00,0,0
2023-08-17 01:40:00,0,0
2023-08-17 01:45:00,0,0
2023-08-17 01:50:00,0,0
2023-08-17 01:55:00,0,0
2023-08-17 02:00:00,0,0
2023-08-17 02:05:00,0,0
2023-08-17 02:10:00,0,0
2023-08-17 02:15:00,0,0
2023-08-17 02:20:00,0,0
2023-08-17 02:25:00,0,0
2023-08-17 02:30:00,0,0
2023-08-17 02:35:00,0,0
2023-08-17 02:40:00,0,0
2023-08-17 02:45:00,0,0
2023-08-17 02:50:00,0,0
2023-08-17 02:55:00,0,0
2023-08-17 03:00:00,0,0
2023-08-17 03:05:00,0,0
2023-08-17 03:10:00,0,0
2023-08-17 03:15:00,0,0
2023-08-17 03:20:00,0,0
2023-08-17 03:25:00,0,0
2023-08-17 03:30:00,0,0
2023-08-17 03:35:00,0,0
2023-08-17 03:40:00,0,0
2023-08-17 03:45:00,0,0
2023-08-17 03:50:00,0,0
2023-08-17 03:55:00,0,0
2023-08-17 04:00:00,0,0
2023-08-17 04:05:00,0,0
2023-08-17 04:10:00,0,0
2023-08-17 04:15:00,0,0
2023-08-17 04:20:00,0,0
2023-08-17 04:25:00,0,0
2023-08-17 04:30:00,0,0
2023-08-17 04:35:00,0,0
2023-08-17 04:40:00,0,0
2023-08-17 04:45:00,0,0
2023-08-17 04:50:00,0,0
2023-08-17 04:55:00,0,0
2023-08-17 05:00:00,0,0
2023-08-17 05:05:00,0,0
2023-08-17 05:10:00,0,0
2023-08-17 05:15:00,0,0
2023-08-17 05:20:00,0,0
2023-08-17 05:25:00,0,0
2023-08-17 05:30:00,0,0
2023-08-17 05:35:00,0,0
2023-08-17 05:40:00,0,0
2023-08-17 05:45:00,0,0
2023-08-17 05:50:00,0,0
2023-08-17 05:55:00,0,0
2023-08-17 06:00:00,0,0
2023-08-17 06:05:00,0,0
2023-08-17 06:10:00,0.2,0.2
2023-08-17 06:15:00,2.8,2.8
2023-08-17 06:20:00,5.2,5.2
2023-08-17 06:25:00,8.4,8
2023-08-17 06:30:00,16,14.4
2023-08-17 06:35:00,26,20
2023-08-17 06:40:00,35.6,40.8
2023-08-17 06:45:00,47.4,64.8
2023-08-17 06:50:00,53.4,81
2023-08-17 06:55:00,52.6,77.2
2023-08-17 07:00:00,80.4,130.4
2023-08-17 07:05:00,102,170.8
2023-08-17 07:10:00,138.8,260.4
2023-08-17 07:15:00,163.4,287.6
2023-08-17 07:20:00,183.6,362.8
2023-08-17 07:25:00,208.6,391.2
2023-08-17 07:30:00,231.2,395.2
2023-08-17 07:35:00,250.8,400.2
2023-08-17 07:40:00,269.6,557.6
2023-08-17 07:45:00,280.4,585
2023-08-17 07:50:00,285.6,391.8
2023-08-17 07:55:00,304.2,540.4
2023-08-17 08:00:00,317,678.8
2023-08-17 08:05:00,340,733.8
2023-08-17 08:10:00,375.8,809.4
2023-08-17 08:15:00,393,849.4
2023-08-17 08:20:00,411.8,884.6
2023-08-17 08:25:00,435.8,908.6
2023-08-17 08:30:00,464.6,944.8
2023-08-17 08:35:00,468.2,925.4
2023-08-17 08:40:00,491.2,910.8
2023-08-17 08:45:00,510.8,878.6
2023-08-17 08:50:00,534.2,899.6
2023-08-17 08:55:00,564.2,573.8
2023-08-17 09:00:00,585.4,690.4
2023-08-17 09:05:00,603.2,1015.4
2023-08-17 09:10:00,623.8,1003.8
2023-08-17 09:15:00,648.8,992.6
2023-08-17 09:20:00,666.6,1012.2
2023-08-17 09:25:00,685.2,1047.6
2023-08-17 09:30:00,705.2,1053
2023-08-17 09:35:00,725.6,1060.6
2023-08-17 09:40:00,740.2,1032.2
2023-08-17 09:45:00,737,1032.2
2023-08-17 09:50:00,757.6,1038
2023-08-17 09:55:00,759.6,1021.6
2023-08-17 10:00:00,793.4,1035.6
2023-08-17 10:05:00,821.2,1050
2023-08-17 10:10:00,782.6,973.4
2023-08-17 10:15:00,799.6,970.4
2023-08-17 10:20:00,800.4,954.2
2023-08-17 10:25:00,810.6,951.4
2023-08-17 10:30:00,733.8,845.2
2023-08-17 10:35:00,579,643.6
2023-08-17 10:40:00,724.2,845
2023-08-17 10:45:00,870.8,1015.6
2023-08-17 10:50:00,914,1056
2023-08-17 10:55:00,920.8,1048.2
2023-08-17 11:00:00,933.2,1051.6
2023-08-17 11:05:00,939.4,1050.6
2023-08-17 11:10:00,972.2,1015
2023-08-17 11:15:00,894.4,977.8
2023-08-17 11:20:00,1018.8,1109.6
2023-08-17 11:25:00,1002.8,1083.6
2023-08-17 11:30:00,1023.4,1096
2023-08-17 11:35:00,743.6,796.4
2023-08-17 11:40:00,1118.6,1164.6
2023-08-17 11:45:00,1046.8,1088.2
2023-08-17 11:50:00,922.8,962.4
2023-08-17 11:55:00,1101.2,1134.8
2023-08-17 12:00:00,1135.8,1170.2
2023-08-17 12:05:00,475.2,465.8
2023-08-17 12:10:00,1037.8,1058.2
2023-08-17 12:15:00,858.6,870
2023-08-17 12:20:00,875.4,881.6
2023-08-17 12:25:00,870.6,869.8
2023-08-17 12:30:00,843.4,832.8
2023-08-17 12:35:00,655,667.4
2023-08-17 12:40:00,919.4,917.4
2023-08-17 12:45:00,625.6,611.8
2023-08-17 12:50:00,1004.8,1009.2
2023-08-17 12:55:00,831,831
2023-08-17 13:00:00,1185.6,1178.4
2023-08-17 13:05:00,993.4,993.8
2023-08-17 13:10:00,739.2,746.2
2023-08-17 13:15:00,1034,1049
2023-08-17 13:20:00,1190.2,1194.6
2023-08-17 13:25:00,1177.2,1188.4
2023-08-17 13:30:00,1162,1176
2023-08-17 13:35:00,1186.4,1200.4
2023-08-17 13:40:00,1201.2,1220.6
2023-08-17 13:45:00,1192.4,1220.6
2023-08-17 13:50:00,1247,1275.2
2023-08-17 13:55:00,356.4,365.8
2023-08-17 14:00:00,256.2,262.4
2023-08-17 14:05:00,1047.8,1095.8
2023-08-17 14:10:00,994,1050.4
2023-08-17 14:15:00,643.8,677.6
2023-08-17 14:20:00,350.6,365.6
2023-08-17 14:25:00,282.8,292.2
2023-08-17 14:30:00,545,572.2
2023-08-17 14:35:00,381.2,397.8
2023-08-17 14:40:00,656.4,701.6
2023-08-17 14:45:00,497.2,524
2023-08-17 14:50:00,615,663.4
2023-08-17 14:55:00,718,786.2
2023-08-17 15:00:00,475.4,497.6
2023-08-17 15:05:00,635.2,687.2
2023-08-17 15:10:00,723.6,809.2
2023-08-17 15:15:00,622.2,697.6
2023-08-17 15:20:00,458.6,503.8
2023-08-17 15:25:00,631.6,716.8
2023-08-17 15:30:00,666,762.6
2023-08-17 15:35:00,588.4,696.6
2023-08-17 15:40:00,665.4,808.4
2023-08-17 15:45:00,571.4,697
2023-08-17 15:50:00,816.6,1031.4
2023-08-17 15:55:00,723,913.2
2023-08-17 16:00:00,744.2,977.2
2023-08-17 16:05:00,575,762.4
2023-08-17 16:10:00,584.8,776.2
2023-08-17 16:15:00,609.8,835.2
2023-08-17 16:20:00,645.4,894.6
2023-08-17 16:25:00,562.8,764.2
2023-08-17 16:30:00,516,715
2023-08-17 16:35:00,551.2,791.6
2023-08-17 16:40:00,546.6,808
2023-08-17 16:45:00,631.2,986
2023-08-17 16:50:00,449,712.6
2023-08-17 16:55:00,503.4,827.2
2023-08-17 17:00:00,291.8,442.6
2023-08-17 17:05:00,182.4,224.2
2023-08-17 17:10:00,209,281.6
2023-08-17 17:15:00,222.4,299
2023-08-17 17:20:00,232.8,304.6
2023-08-17 17:25:00,229.4,294.8
2023-08-17 17:30:00,217.4,288.4
2023-08-17 17:35:00,203,275.6
2023-08-17 17:40:00,195.6,267.2
2023-08-17 17:45:00,183,240
2023-08-17 17:50:00,183.4,252.6
2023-08-17 17:55:00,193.8,295
2023-08-17 18:00:00,198.8,314
2023-08-17 18:05:00,203.4,342.4
2023-08-17 18:10:00,187.2,309.4
2023-08-17 18:15:00,176,299
2023-08-17 18:20:00,144.8,232.2
2023-08-17 18:25:00,117.2,177.4
2023-08-17 18:30:00,88.6,117.8
2023-08-17 18:35:00,66,76.2
2023-08-17 18:40:00,51,57.4
2023-08-17 18:45:00,37.2,41.6
2023-08-17 18:50:00,26.2,30.6
2023-08-17 18:55:00,20,23.8
2023-08-17 19:00:00,15,17
2023-08-17 19:05:00,10,11
2023-08-17 19:10:00,5,6
2023-08-17 19:15:00,1.8,2.2
2023-08-17 19:20:00,0.8,1
2023-08-17 19:25:00,0,0
2023-08-17 19:30:00,0,0
2023-08-17 19:35:00,0,0
2023-08-17 19:40:00,0,0
2023-08-17 19:45:00,0,0
2023-08-17 19:50:00,0,0
2023-08-17 19:55:00,0,0
2023-08-17 20:00:00,0,0
2023-08-17 20:05:00,0,0
2023-08-17 20:10:00,0,0
2023-08-17 20:15:00,0,0
2023-08-17 20:20:00,0,0
2023-08-17 20:25:00,0,0
2023-08-17 20:30:00,0,0
2023-08-17 20:35:00,0,0
2023-08-17 20:40:00,0,0
2023-08-17 20:45:00,0,0
2023-08-17 20:50:00,0,0
2023-08-17 20:55:00,0,0
2023-08-17 21:00:00,0,0
2023-08-17 21:05:00,0,0
2023-08-17 21:10:00,0,0
2023-08-17 21:15:00,0,0
2023-08-17 21:20:00,0,0
2023-08-17 21:25:00,0,0
2023-08-17 21:30:00,0,0
2023-08-17 21:35:00,0,0
2023-08-17 21:40:00,0,0
2023-08-17 21:45:00,0,0
2023-08-17 21:50:00,0,0
2023-08-17 21:55:00,0,0
2023-08-17 22:00:00,0,0
2023-08-17 22:05:00,0,0
2023-08-17 22:10:00,0,0
2023-08-17 22:15:00,0,0
2023-08-17 22:20:00,0,0
2023-08-17 22:25:00,0,0
2023-08-17 22:30:00,0,0
2023-08-17 22:35:00,0,0
2023-08-17 22:40:00,0,0
2023-08-17 22:45:00,0,0
2023-08-17 22:50:00,0,0
2023-08-17 22:55:00,0,0
2023-08-17 23:00:00,0,0
2023-08-17 23:05:00,0,0
2023-08-17 23:10:00,0,0
2023-08-17 23:15:00,0,0
2023-08-17 23:20:00,0,0
2023-08-17 23:25:00,0,0
2023-08-17 23:30:00,0,0
2023-08-17 23:35:00,0,0
2023-08-17 23:40:00,0,0
2023-08-17 23:45:00,0,0
2023-08-17 23:50:00,0,0
2023-08-17 23:55:00,0,0
2023-08-18 00:00:00,0,0
2023-08-18 00:05:00,0,0
2023-08-18 00:10:00,0,0
2023-08-18 00:15:00,0,0
2023-08-18 00:20:00,0,0
2023-08-18 00:25:00,0,0
2023-08-18 00:30:00,0,0
2023-08-18 00:35:00,0,0
2023-08-18 00:40:00,0,0
2023-08-18 00:45:00,0,0
2023-08-18 00:50:00,0,0
2023-08-18 00:55:00,0,0
2023-08-18 01:00:00,0,0
2023-08-18 01:05:00,0,0
2023-08-18 01:10:00,0,0
2023-08-18 01:15:00,0,0
2023-08-18 01:20:00,0,0
2023-08-18 01:25:00,0,0
2023-08-18 01:30:00,0,0
2023-08-18 01:35:00,0,0
2023-08-18 01:40:00,0,0
2023-08-18 01:45:00,0,0
2023-08-18 01:50:00,0,0
2023-08-18 01:55:00,0,0
2023-08-18 02:00:00,0,0
2023-08-18 02:05:00,0,0
2023-08-18 02:10:00,0,0
2023-08-18 02:15:00,0,0
2023-08-18 02:20:00,0,0
2023-08-18 02:25:00,0,0
2023-08-18 02:30:00,0,0
2023-08-18 02:35:00,0,0
2023-08-18 02:40:00,0,0
2023-08-18 02:45:00,0,0
2023-08-18 02:50:00,0,0
2023-08-18 02:55:00,0,0
2023-08-18 03:00:00,0,0
2023-08-18 03:05:00,0,0
2023-08-18 03:10:00,0,0
2023-08-18 03:15:00,0,0
2023-08-18 03:20:00,0,0
2023-08-18 03:25:00,0,0
2023-08-18 03:30:00,0,0
2023-08-18 03:35:00,0,0
2023-08-18 03:40:00,0,0
2023-08-18 03:45:00,0,0
2023-08-18 03:50:00,0,0
2023-08-18 03:55:00,0,0
2023-08-18 04:00:00,0,0
2023-08-18 04:05:00,0,0
2023-08-18 04:10:00,0,0
2023-08-18 04:15:00,0,0
2023-08-18 04:20:00,0,0
2023-08-18 04:25:00,0,0
2023-08-18 04:30:00,0,0
2023-08-18 04:35:00,0,0
2023-08-18 04:40:00,0,0
2023-08-18 04:45:00,0,0
2023-08-18 04:50:00,0,0
2023-08-18 04:55:00,0,0
2023-08-18 05:00:00,0,0
2023-08-18 05:05:00,0,0
2023-08-18 05:10:00,0,0
2023-08-18 05:15:00,0,0
2023-08-18 05:20:00,0,0
2023-08-18 05:25:00,0,0
2023-08-18 05:30:00,0,0
2023-08-18 05:35:00,0,0
2023-08-18 05:40:00,0,0
2023-08-18 05:45:00,0,0
2023-08-18 05:50:00,0,0
2023-08-18 05:55:00,0,0
2023-08-18 06:00:00,0,0
2023-08-18 06:05:00,0,0
2023-08-18 06:10:00,0,0
2023-08-18 06:15:00,0,0
2023-08-18 06:20:00,0,0.6
2023-08-18 06:25:00,2,2.4
2023-08-18 06:30:00,5.6,5.8
2023-08-18 06:35:00,9.4,9.6
2023-08-18 06:40:00,14,14
2023-08-18 06:45:00,19,19
2023-08-18 06:50:00,23.8,24
2023-08-18 06:55:00,28.4,29
2023-08-18 07:00:00,34,34.4
2023-08-18 07:05:00,40.2,41
2023-08-18 07:10:00,49,50
2023-08-18 07:15:00,60.2,60.6
2023-08-18 07:20:00,74,74.6
2023-08-18 07:25:00,88.6,90
2023-08-18 07:30:00,101.8,104.8
2023-08-18 07:35:00,114.8,121
2023-08-18 07:40:00,128.4,138.8
2023-08-18 07:45:00,145.6,164.4
2023-08-18 07:50:00,171.2,200.4
2023-08-18 07:55:00,213.6,278.6
2023-08-18 08:00:00,262.6,383.8
2023-08-18 08:05:00,323.4,520.4
2023-08-18 08:10:00,342.2,550.2
2023-08-18 08:15:00,336,546.6
2023-08-18 08:20:00,338.6,551
2023-08-18 08:25:00,333.2,531.8
2023-08-18 08:30:00,349.2,557
2023-08-18 08:35:00,390.6,555.6
2023-08-18 08:40:00,435.6,699.4
2023-08-18 08:45:00,476,755.2
2023-08-18 08:50:00,475.6,732
2023-08-18 08:55:00,458.8,689.6
2023-08-18 09:00:00,412.2,596.2
2023-08-18 09:05:00,388,549.6
2023-08-18 09:10:00,425,603.2
2023-08-18 09:15:00,373,503.8
2023-08-18 09:20:00,458.6,632.2
2023-08-18 09:25:00,472.4,642.4
2023-08-18 09:30:00,548.2,747.4
2023-08-18 09:35:00,601.2,816.8
2023-08-18 09:40:00,613.8,763.6
2023-08-18 09:45:00,620,829.4
2023-08-18 09:50:00,704.8,940.4
2023-08-18 09:55:00,681.8,895.6
2023-08-18 10:00:00,781.4,1013
2023-08-18 10:05:00,791.6,1001.6
2023-08-18 10:10:00,762.8,947.4
2023-08-18 10:15:00,730.4,895.2
2023-08-18 10:20:00,814.4,986.4
2023-08-18 10:25:00,762.2,906.2
2023-08-18 10:30:00,836.4,975.2
2023-08-18 10:35:00,929.2,1056
2023-08-18 10:40:00,1020.6,1128.4
2023-08-18 10:45:00,639.4,657.4
2023-08-18 10:50:00,620,634
2023-08-18 10:55:00,567,570.4
2023-08-18 11:00:00,551.2,549.2
2023-08-18 11:05:00,566.6,575.2
2023-08-18 11:10:00,504.8,508.6
2023-08-18 11:15:00,444,441.2
2023-08-18 11:20:00,410.4,403.6
2023-08-18 11:25:00,397.8,386.6
2023-08-18 11:30:00,393.8,379.6
2023-08-18 11:35:00,404.4,391.2
2023-08-18 11:40:00,444.8,432.2
2023-08-18 11:45:00,498.2,488.2
2023-08-18 11:50:00,516.6,510.8
2023-08-18 11:55:00,507,500.6
2023-08-18 12:00:00,518.6,513.8
2023-08-18 12:05:00,535.6,531.8
2023-08-18 12:10:00,557.4,556.8
2023-08-18 12:15:00,627.8,629.6
2023-08-18 12:20:00,763.4,768
2023-08-18 12:25:00,868.6,874.2
2023-08-18 12:30:00,896.4,899.4
2023-08-18 12:35:00,836.6,840.6
2023-08-18 12:40:00,738.2,740.6
2023-08-18 12:45:00,653.6,656.2
2023-08-18 12:50:00,710,713.8
2023-08-18 12:55:00,845,847
2023-08-18 13:00:00,898.4,898.4
2023-08-18 13:05:00,986.8,988.6
2023-08-18 13:10:00,959.4,959.2
2023-08-18 13:15:00,923,924.2
2023-08-18 13:20:00,1033.2,1037.4
2023-08-18 13:25:00,1095,1100.4
2023-08-18 13:30:00,1054,1062.4
2023-08-18 13:35:00,1023.4,1034.6
2023-08-18 13:40:00,1053,1072.2
2023-08-18 13:45:00,917.2,936.6
2023-08-18 13:50:00,1074.6,1106.6
2023-08-18 13:55:00,1057.8,1094.8
2023-08-18 14:00:00,790.8,820
2023-08-18 14:05:00,1081.4,1134
2023-08-18 14:10:00,913,967.6
2023-08-18 14:15:00,1105.4,1175.2
2023-08-18 14:20:00,1111.8,1187
2023-08-18 14:25:00,1103.6,1166.2
2023-08-18 14:30:00,1087.2,1166.2
2023-08-18 14:35:00,1123.8,1220.2
2023-08-18 14:40:00,1129.8,1222.4
2023-08-18 14:45:00,808.8,874.6
2023-08-18 14:50:00,644.4,727.8
2023-08-18 14:55:00,284.2,311.6
2023-08-18 15:00:00,285.4,312.6
2023-08-18 15:05:00,290.4,323.8
2023-08-18 15:10:00,352.4,397.4
2023-08-18 15:15:00,355.6,394.8
2023-08-18 15:20:00,521.6,597.6
2023-08-18 15:25:00,644,750.8
2023-08-18 15:30:00,476.4,553
2023-08-18 15:35:00,273,292.6
2023-08-18 15:40:00,257.4,280.6
2023-08-18 15:45:00,648.4,838.2
2023-08-18 15:50:00,838.8,1116.6
2023-08-18 15:55:00,814.8,1131
2023-08-18 16:00:00,777.6,1104.8
2023-08-18 16:05:00,754,1093.8
2023-08-18 16:10:00,724.2,1073.8
2023-08-18 16:15:00,710,1006.6
2023-08-18 16:20:00,740.2,1089
2023-08-18 16:25:00,741,1109
2023-08-18 16:30:00,502,749.4
2023-08-18 16:35:00,176,199.8
2023-08-18 16:40:00,286.6,384.6
2023-08-18 16:45:00,621.2,976.8
2023-08-18 16:50:00,431.4,620.4
2023-08-18 16:55:00,231.2,259
2023-08-18 17:00:00,202.6,214
2023-08-18 17:05:00,212,223.8
2023-08-18 17:10:00,218,233.6
2023-08-18 17:15:00,196.4,214.4
2023-08-18 17:20:00,176.2,190.6
2023-08-18 17:25:00,181.8,195.8
2023-08-18 17:30:00,177,194.6
2023-08-18 17:35:00,166.8,186.2
2023-08-18 17:40:00,158.8,175.8
2023-08-18 17:45:00,141.8,154.8
2023-08-18 17:50:00,124.2,136.2
2023-08-18 17:55:00,108.8,118.8
2023-08-18 18:00:00,93.8,99.4
2023-08-18 18:05:00,83.8,88.4
2023-08-18 18:10:00,79.6,83.8
2023-08-18 18:15:00,74.4,79.8
2023-08-18 18:20:00,69.8,75.2
2023-08-18 18:25:00,66.4,70.4
2023-08-18 18:30:00,62,66
2023-08-18 18:35:00,57.6,63
2023-08-18 18:40:00,52.6,55.4
2023-08-18 18:45:00,44,46
2023-08-18 18:50:00,33,34.2
2023-08-18 18:55:00,23,24
2023-08-18 19:00:00,15.4,16.2
2023-08-18 19:05:00,10,10.4
2023-08-18 19:10:00,4.6,5
2023-08-18 19:15:00,1.4,1.8
2023-08-18 19:20:00,0,0
2023-08-18 19:25:00,0,0
2023-08-18 19:30:00,0,0
2023-08-18 19:35:00,0,0
2023-08-18 19:40:00,0,0
2023-08-18 19:45:00,0,0
2023-08-18 19:50:00,0,0
2023-08-18 19:55:00,0,0
2023-08-18 20:00:00,0,0
2023-08-18 20:05:00,0,0
2023-08-18 20:10:00,0,0
2023-08-18 20:15:00,0,0
2023-08-18 20:20:00,0,0
2023-08-18 20:25:00,0,0
2023-08-18 20:30:00,0,0
2023-08-18 20:35:00,0,0
2023-08-18 20:40:00,0,0
2023-08-18 20:45:00,0,0
2023-08-18 20:50:00,0,0
2023-08-18 20:55:00,0,0
2023-08-18 21:00:00,0,0
2023-08-18 21:05:00,0,0
2023-08-18 21:10:00,0,0
2023-08-18 21:15:00,0,0
2023-08-18 21:20:00,0,0
2023-08-18 21:25:00,0,0
2023-08-18 21:30:00,0,0
2023-08-18 21:35:00,0,0
2023-08-18 21:40:00,0,0
2023-08-18 21:45:00,0,0
2023-08-18 21:50:00,0,0
2023-08-18 21:55:00,0,0
2023-08-18 22:00:00,0,0
2023-08-18 22:05:00,0,0
2023-08-18 22:10:00,0,0
2023-08-18 22:15:00,0,0
2023-08-18 22:20:00,0,0
2023-08-18 22:25:00,0,0
2023-08-18 22:30:00,0,0
2023-08-18 22:35:00,0,0
2023-08-18 22:40:00,0,0
2023-08-18 22:45:00,0,0
2023-08-18 22:50:00,0,0
2023-08-18 22:55:00,0,0
2023-08-18 23:00:00,0,0
2023-08-18 23:05:00,0,0
2023-08-18 23:10:00,0,0
2023-08-18 23:15:00,0,0
2023-08-18 23:20:00,0,0
2023-08-18 23:25:00,0,0
2023-08-18 23:30:00,0,0
2023-08-18 23:35:00,0,0
2023-08-18 23:40:00,0,0
2023-08-18 23:45:00,0,0
2023-08-18 23:50:00,0,0
2023-08-18 23:55:00,0,0
2023-08-19 00:00:00,0,0
2023-08-19 00:05:00,0,0
2023-08-19 00:10:00,0,0
2023-08-19 00:15:00,0,0
2023-08-19 00:20:00,0,0
2023-08-19 00:25:00,0,0
2023-08-19 00:30:00,0,0
2023-08-19 00:35:00,0,0
2023-08-19 00:40:00,0,0
2023-08-19 00:45:00,0,0
2023-08-19 00:50:00,0,0
2023-08-19 00:55:00,0,0
2023-08-19 01:00:00,0,0
2023-08-19 01:05:00,0,0
2023-08-19 01:10:00,0,0
2023-08-19 01:15:00,0,0
2023-08-19 01:20:00,0,0
2023-08-19 01:25:00,0,0
2023-08-19 01:30:00,0,0
2023-08-19 01:35:00,0,0
2023-08-19 01:40:00,0,0
2023-08-19 01:45:00,0,0
2023-08-19 01:50:00,0,0
2023-08-19 01:55:00,0,0
2023-08-19 02:00:00,0,0
2023-08-19 02:05:00,0,0
2023-08-19 02:10:00,0,0
2023-08-19 02:15:00,0,0
2023-08-19 02:20:00,0,0
2023-08-19 02:25:00,0,0
2023-08-19 02:30:00,0,0
2023-08-19 02:35:00,0,0
2023-08-19 02:40:00,0,0
2023-08-19 02:45:00,0,0
2023-08-19 02:50:00,0,0
2023-08-19 02:55:00,0,0
2023-08-19 03:00:00,0,0
2023-08-19 03:05:00,0,0
2023-08-19 03:10:00,0,0
2023-08-19 03:15:00,0,0
2023-08-19 03:20:00,0,0
2023-08-19 03:25:00,0,0
2023-08-19 03:30:00,0,0
2023-08-19 03:35:00,0,0
2023-08-19 03:40:00,0,0
2023-08-19 03:45:00,0,0
2023-08-19 03:50:00,0,0
2023-08-19 03:55:00,0,0
2023-08-19 04:00:00,0,0
2023-08-19 04:05:00,0,0
2023-08-19 04:10:00,0,0
2023-08-19 04:15:00,0,0
2023-08-19 04:20:00,0,0
2023-08-19 04:25:00,0,0
2023-08-19 04:30:00,0,0
2023-08-19 04:35:00,0,0
2023-08-19 04:40:00,0,0
2023-08-19 04:45:00,0,0
2023-08-19 04:50:00,0,0
2023-08-19 04:55:00,0,0
2023-08-19 05:00:00,0,0
2023-08-19 05:05:00,0,0
2023-08-19 05:10:00,0,0
2023-08-19 05:15:00,0,0
2023-08-19 05:20:00,0,0
2023-08-19 05:25:00,0,0
2023-08-19 05:30:00,0,0
2023-08-19 05:35:00,0,0
2023-08-19 05:40:00,0,0
2023-08-19 05:45:00,0,0
2023-08-19 05:50:00,0,0
2023-08-19 05:55:00,0,0
2023-08-19 06:00:00,0,0
2023-08-19 06:05:00,0,0
2023-08-19 06:10:00,0,0
2023-08-19 06:15:00,0,0
2023-08-19 06:20:00,0.2,0.2
2023-08-19 06:25:00,1.6,1.8
2023-08-19 06:30:00,4.6,5
2023-08-19 06:35:00,9,8.6
2023-08-19 06:40:00,13.2,13.8
2023-08-19 06:45:00,18,18.2
2023-08-19 06:50:00,21.6,22.6
2023-08-19 06:55:00,26,27
2023-08-19 07:00:00,30.2,31.8
2023-08-19 07:05:00,33.6,36.2
2023-08-19 07:10:00,39.8,42.6
2023-08-19 07:15:00,47.2,50.4
2023-08-19 07:20:00,58.4,59.6
2023-08-19 07:25:00,75.6,76.4
2023-08-19 07:30:00,90.4,94.2
2023-08-19 07:35:00,106.2,105.8
2023-08-19 07:40:00,111,112
2023-08-19 07:45:00,113.2,118.4
2023-08-19 07:50:00,121.2,126.8
2023-08-19 07:55:00,132.2,137.6
2023-08-19 08:00:00,144.2,148.8
2023-08-19 08:05:00,159.2,162.2
2023-08-19 08:10:00,182,183.2
2023-08-19 08:15:00,205.8,205.8
2023-08-19 08:20:00,226.8,220
2023-08-19 08:25:00,241.2,232.2
2023-08-19 08:30:00,248,242
2023-08-19 08:35:00,254.2,250.2
2023-08-19 08:40:00,257.8,254.2
2023-08-19 08:45:00,260.6,259.2
2023-08-19 08:50:00,266.4,263
2023-08-19 08:55:00,273.4,277
2023-08-19 09:00:00,282.6,291.8
2023-08-19 09:05:00,304,319.8
2023-08-19 09:10:00,336.4,362.8
2023-08-19 09:15:00,409.6,477.8
2023-08-19 09:20:00,492.2,607.4
2023-08-19 09:25:00,761.2,1020.8
2023-08-19 09:30:00,929.4,1252.8
2023-08-19 09:35:00,1038,1379.4
2023-08-19 09:40:00,658,782.6
2023-08-19 09:45:00,541.4,597.4
2023-08-19 09:50:00,516.2,554.2
2023-08-19 09:55:00,519,562
2023-08-19 10:00:00,416,424.4
2023-08-19 10:05:00,424.6,429.6
2023-08-19 10:10:00,404.6,397.8
2023-08-19 10:15:00,384.6,368.4
2023-08-19 10:20:00,425.8,411.8
2023-08-19 10:25:00,378.6,346.6
2023-08-19 10:30:00,355.6,333.6
2023-08-19 10:35:00,383.6,360.6
2023-08-19 10:40:00,396.2,361
2023-08-19 10:45:00,437.4,400.4
2023-08-19 10:50:00,424,391
2023-08-19 10:55:00,473,459.2
2023-08-19 11:00:00,513.2,495
2023-08-19 11:05:00,471.2,448.6
2023-08-19 11:10:00,410.4,381.8
2023-08-19 11:15:00,374.6,349.4
2023-08-19 11:20:00,326,302.4
2023-08-19 11:25:00,332.6,307
2023-08-19 11:30:00,441.6,418
2023-08-19 11:35:00,611.8,608.6
2023-08-19 11:40:00,492.8,504.6
2023-08-19 11:45:00,500,510.6
2023-08-19 11:50:00,431.6,429
2023-08-19 11:55:00,434.2,429.2
2023-08-19 12:00:00,565.6,567
2023-08-19 12:05:00,434.4,442.6
2023-08-19 12:10:00,585,590.8
2023-08-19 12:15:00,696.4,712
2023-08-19 12:20:00,885.8,889.4
2023-08-19 12:25:00,595.6,597.8
2023-08-19 12:30:00,569.6,576.6
2023-08-19 12:35:00,407.8,411.8
2023-08-19 12:40:00,587.6,594.6
2023-08-19 12:45:00,596.2,600
2023-08-19 12:50:00,443.2,444
2023-08-19 12:55:00,412,417
2023-08-19 13:00:00,650.6,653.4
2023-08-19 13:05:00,475.4,476.8
2023-08-19 13:10:00,439.6,443.4
2023-08-19 13:15:00,448.6,452.2
2023-08-19 13:20:00,533.2,537.6
2023-08-19 13:25:00,560,565
2023-08-19 13:30:00,845.8,856.4
2023-08-19 13:35:00,1011.4,1020.8
2023-08-19 13:40:00,713,713.6
2023-08-19 13:45:00,827,815.6
2023-08-19 13:50:00,842.6,851.4
2023-08-19 13:55:00,969.8,982.4
2023-08-19 14:00:00,880,890.2
2023-08-19 14:05:00,818,828.4
2023-08-19 14:10:00,724,739.6
2023-08-19 14:15:00,801.8,825.8
2023-08-19 14:20:00,601.2,614
2023-08-19 14:25:00,463.8,460.2
2023-08-19 14:30:00,737.6,761.2
2023-08-19 14:35:00,409.6,409.6
2023-08-19 14:40:00,564.4,593
2023-08-19 14:45:00,964.6,1056.2
2023-08-19 14:50:00,672.4,750.4
2023-08-19 14:55:00,1049.6,1193
2023-08-19 15:00:00,860.8,1007
2023-08-19 15:05:00,469.4,525.8
2023-08-19 15:10:00,434.2,486.6
2023-08-19 15:15:00,480.6,519
2023-08-19 15:20:00,483.8,502.8
2023-08-19 15:25:00,367.2,351
2023-08-19 15:30:00,380.2,370.8
2023-08-19 15:35:00,539,579.6
2023-08-19 15:40:00,907.2,1065.8
2023-08-19 15:45:00,349.6,335.2
2023-08-19 15:50:00,261.8,220
2023-08-19 15:55:00,211,191.8
2023-08-19 16:00:00,186,174.2
2023-08-19 16:05:00,186.2,174
2023-08-19 16:10:00,195.4,189.4
2023-08-19 16:15:00,205.2,198.4
2023-08-19 16:20:00,196.4,185
2023-08-19 16:25:00,214.4,192
2023-08-19 16:30:00,227.8,226.6
2023-08-19 16:35:00,203.4,210.4
2023-08-19 16:40:00,206.8,212.4
2023-08-19 16:45:00,170.2,182.8
2023-08-19 16:50:00,146.8,155.8
2023-08-19 16:55:00,135.8,137.8
2023-08-19 17:00:00,116.2,115.8
2023-08-19 17:05:00,101.8,99.6
2023-08-19 17:10:00,94.8,92.8
2023-08-19 17:15:00,88,88
2023-08-19 17:20:00,101,90.6
2023-08-19 17:25:00,112,98.8
2023-08-19 17:30:00,82.2,74.2
2023-08-19 17:35:00,56.4,50.2
2023-08-19 17:40:00,37.6,35.2
2023-08-19 17:45:00,27.6,27
2023-08-19 17:50:00,16.4,16.2
2023-08-19 17:55:00,12.2,10.8
2023-08-19 18:00:00,13.6,11.8
2023-08-19 18:05:00,12.6,10.4
2023-08-19 18:10:00,11,9
2023-08-19 18:15:00,9.2,8
2023-08-19 18:20:00,9,8
2023-08-19 18:25:00,8.2,7.4
2023-08-19 18:30:00,9,8
2023-08-19 18:35:00,10.4,9.8
2023-08-19 18:40:00,8.2,8.2
2023-08-19 18:45:00,7.4,6.8
2023-08-19 18:50:00,5.4,5.8
2023-08-19 18:55:00,2,2.4
2023-08-19 19:00:00,1,1
2023-08-19 19:05:00,0,0.2
2023-08-19 19:10:00,0,0
2023-08-19 19:15:00,0,0
2023-08-19 19:20:00,0,0
2023-08-19 19:25:00,0,0
2023-08-19 19:30:00,0,0
2023-08-19 19:35:00,0,0
2023-08-19 19:40:00,0,0
2023-08-19 19:45:00,0,0
2023-08-19 19:50:00,0,0
2023-08-19 19:55:00,0,0
2023-08-19 20:00:00,0,0
2023-08-19 20:05:00,0,0
2023-08-19 20:10:00,0,0
2023-08-19 20:15:00,0,0
2023-08-19 20:20:00,0,0
2023-08-19 20:25:00,1.4,0.8
2023-08-19 20:30:00,2.4,1.4
2023-08-19 20:35:00,1,0.6
2023-08-19 20:40:00,0,0
2023-08-19 20:45:00,0,0
2023-08-19 20:50:00,0,0
2023-08-19 20:55:00,0,0
2023-08-19 21:00:00,0,0
2023-08-19 21:05:00,0,0
2023-08-19 21:10:00,0,0
2023-08-19 21:15:00,0,0
2023-08-19 21:20:00,0,0
2023-08-19 21:25:00,0,0
2023-08-19 21:30:00,0,0
2023-08-19 21:35:00,0,0
2023-08-19 21:40:00,0,0
2023-08-19 21:45:00,0,0
2023-08-19 21:50:00,0,0
2023-08-19 21:55:00,0,0
2023-08-19 22:00:00,0,0
2023-08-19 22:05:00,0,0
2023-08-19 22:10:00,0,0
2023-08-19 22:15:00,0,0
2023-08-19 22:20:00,0,0
2023-08-19 22:25:00,0,0
2023-08-19 22:30:00,0,0
2023-08-19 22:35:00,0,0
2023-08-19 22:40:00,0,0
2023-08-19 22:45:00,0,0
2023-08-19 22:50:00,0,0
2023-08-19 22:55:00,0,0
2023-08-19 23:00:00,0,0
2023-08-19 23:05:00,0,0
2023-08-19 23:10:00,0,0
2023-08-19 23:15:00,0,0
2023-08-19 23:20:00,0,0
2023-08-19 23:25:00,0,0
2023-08-19 23:30:00,0,0
2023-08-19 23:35:00,0,0
2023-08-19 23:40:00,0,0
2023-08-19 23:45:00,0,0
2023-08-19 23:50:00,0,0
2023-08-19 23:55:00,0,0
